exp,seed,encoder,train_condition,layer,view,task,eval_condition,target,n_rows,n_scenes,metric,value,ci_low,ci_high,trivial,majority_rate
D,0,dinov2_b,base,11,cls,real,base,contact_state,6000,600,balanced_accuracy,0.888263888888889,0.8808315972222223,0.8961805555555555,0.5,0.6
D,0,dinov2_b,base,11,cls,real,base,contact_state,6000,600,auroc,0.9608354166666667,0.9571787413194445,0.964582259837963,0.5,0.6
D,0,dinov2_b,base,11,cls,real,base,ee_obj_dist,6000,600,r2,0.9226679168112131,0.9176751843256391,0.927509296271899,0.0,
D,0,dinov2_b,base,11,cls,real,base,friction_slide,6000,600,r2,-0.010164437311045216,-0.028566342025785292,0.0003881351139616351,0.0,
D,0,dinov2_b,base,11,cls,real,base,log_mass,6000,600,r2,-0.009763273719236576,-0.022248644823308527,-0.0017280196217206662,0.0,
D,0,dinov2_b,base,11,cls,real,base,obj_pos_x,6000,600,r2,0.891865187733618,0.882035970346821,0.9004237943896468,0.0,
D,0,dinov2_b,base,11,cls,real,base,obj_pos_y,6000,600,r2,0.8537451144917085,0.8386659707781874,0.8664008493903929,0.0,
D,0,dinov2_b,base,11,cls,real,base,obj_speed,6000,600,r2,0.2405662415326172,0.21472806199723246,0.2620187639260612,0.0,
D,0,dinov2_b,base,11,cls,real,base,support_state,6000,600,balanced_accuracy,0.7375428075315895,0.7201088941494395,0.7548658457248161,0.5,0.8443333333333334
D,0,dinov2_b,base,11,cls,real,base,support_state,6000,600,auroc,0.8930612700363764,0.8809139091372896,0.9047804577626412,0.5,0.8443333333333334
D,0,dinov2_b,base,11,mean,real,base,contact_state,6000,600,balanced_accuracy,0.8936805555555556,0.8870138888888889,0.9003472222222222,0.5,0.6
D,0,dinov2_b,base,11,mean,real,base,contact_state,6000,600,auroc,0.9612762731481481,0.9576549537037037,0.9648625810185185,0.5,0.6
D,0,dinov2_b,base,11,mean,real,base,ee_obj_dist,6000,600,r2,0.936544407303394,0.9319802353987182,0.9408643338083357,0.0,
D,0,dinov2_b,base,11,mean,real,base,friction_slide,6000,600,r2,-0.008302400711793112,-0.028153776629255417,0.004433075283998427,0.0,
D,0,dinov2_b,base,11,mean,real,base,log_mass,6000,600,r2,-0.00819736293302964,-0.02235706631282456,0.0013534006070219872,0.0,
D,0,dinov2_b,base,11,mean,real,base,obj_pos_x,6000,600,r2,0.9142585902328922,0.9046920362677434,0.9224391311205264,0.0,
D,0,dinov2_b,base,11,mean,real,base,obj_pos_y,6000,600,r2,0.894069947064918,0.8805491917651079,0.9051181827659005,0.0,
D,0,dinov2_b,base,11,mean,real,base,obj_speed,6000,600,r2,0.23902020039110372,0.21294669746622008,0.2612439980347742,0.0,
D,0,dinov2_b,base,11,mean,real,base,support_state,6000,600,balanced_accuracy,0.7516169855551262,0.7331124876987055,0.7693062810037966,0.5,0.8443333333333334
D,0,dinov2_b,base,11,mean,real,base,support_state,6000,600,auroc,0.894998228945373,0.8826492326071026,0.9069928144445052,0.5,0.8443333333333334
D,0,dinov2_b,base,2,cls,real,base,contact_state,6000,600,balanced_accuracy,0.7854166666666667,0.7753472222222222,0.7950711805555555,0.5,0.6
D,0,dinov2_b,base,2,cls,real,base,contact_state,6000,600,auroc,0.8853714120370371,0.8784251909722222,0.8924550173611112,0.5,0.6
D,0,dinov2_b,base,2,cls,real,base,ee_obj_dist,6000,600,r2,0.7847400603588556,0.7742003926682411,0.7962340618837028,0.0,
D,0,dinov2_b,base,2,cls,real,base,friction_slide,6000,600,r2,-0.017407648963814415,-0.038014580547180495,-0.004335371232579145,0.0,
D,0,dinov2_b,base,2,cls,real,base,log_mass,6000,600,r2,-0.0012133040516544291,-0.012013095379574684,0.004315144193903416,0.0,
D,0,dinov2_b,base,2,cls,real,base,obj_pos_x,6000,600,r2,0.7616742092292916,0.7467731216694692,0.7745544237445596,0.0,
D,0,dinov2_b,base,2,cls,real,base,obj_pos_y,6000,600,r2,0.731409592443065,0.7122323638728925,0.748557541494413,0.0,
D,0,dinov2_b,base,2,cls,real,base,obj_speed,6000,600,r2,0.14463957996309162,0.122460279347638,0.16369563925258174,0.0,
D,0,dinov2_b,base,2,cls,real,base,support_state,6000,600,balanced_accuracy,0.6806420770455258,0.663311473976127,0.6997817122559352,0.5,0.8443333333333334
D,0,dinov2_b,base,2,cls,real,base,support_state,6000,600,auroc,0.8091018681878857,0.7909020287055942,0.8277774977417306,0.5,0.8443333333333334
D,0,dinov2_b,base,2,mean,real,base,contact_state,6000,600,balanced_accuracy,0.8356944444444445,0.8270815972222223,0.844375,0.5,0.6
D,0,dinov2_b,base,2,mean,real,base,contact_state,6000,600,auroc,0.9176063657407407,0.912265318287037,0.9232961805555555,0.5,0.6
D,0,dinov2_b,base,2,mean,real,base,ee_obj_dist,6000,600,r2,0.8864112470063417,0.8794283465204932,0.8935313665276593,0.0,
D,0,dinov2_b,base,2,mean,real,base,friction_slide,6000,600,r2,-0.017932800922551673,-0.03909375886374084,-0.004989467168285659,0.0,
D,0,dinov2_b,base,2,mean,real,base,log_mass,6000,600,r2,-0.0028862421390272175,-0.014911084231597139,0.004790225936318681,0.0,
D,0,dinov2_b,base,2,mean,real,base,obj_pos_x,6000,600,r2,0.8679582478712164,0.8554528974126628,0.8791023579244526,0.0,
D,0,dinov2_b,base,2,mean,real,base,obj_pos_y,6000,600,r2,0.8292839383223268,0.8134031253552002,0.8435503089729873,0.0,
D,0,dinov2_b,base,2,mean,real,base,obj_speed,6000,600,r2,0.1842270972259189,0.16305014017565342,0.2025389669096658,0.0,
D,0,dinov2_b,base,2,mean,real,base,support_state,6000,600,balanced_accuracy,0.7135515689684178,0.695615500043208,0.7315033569934168,0.5,0.8443333333333334
D,0,dinov2_b,base,2,mean,real,base,support_state,6000,600,auroc,0.8412319270004253,0.8243541038311158,0.8575816215185519,0.5,0.8443333333333334
D,0,dinov2_b,base,5,cls,real,base,contact_state,6000,600,balanced_accuracy,0.8582638888888889,0.8500000000000001,0.8661805555555555,0.5,0.6
D,0,dinov2_b,base,5,cls,real,base,contact_state,6000,600,auroc,0.940462962962963,0.9358335271990741,0.9451426967592592,0.5,0.6
D,0,dinov2_b,base,5,cls,real,base,ee_obj_dist,6000,600,r2,0.90335156212483,0.896516437501257,0.9097042133067755,0.0,
D,0,dinov2_b,base,5,cls,real,base,friction_slide,6000,600,r2,-0.017016757590024634,-0.036698243906228216,-0.005641975454146422,0.0,
D,0,dinov2_b,base,5,cls,real,base,log_mass,6000,600,r2,-0.010607893175404337,-0.02359577880410772,-0.0018256155568413168,0.0,
D,0,dinov2_b,base,5,cls,real,base,obj_pos_x,6000,600,r2,0.9054155630924221,0.8963837681383385,0.9133901625440539,0.0,
D,0,dinov2_b,base,5,cls,real,base,obj_pos_y,6000,600,r2,0.8377111538735216,0.8203818197447338,0.852074839745369,0.0,
D,0,dinov2_b,base,5,cls,real,base,obj_speed,6000,600,r2,0.2156088503299043,0.19229253591195972,0.23685418118036236,0.0,
D,0,dinov2_b,base,5,cls,real,base,support_state,6000,600,balanced_accuracy,0.7317378484095591,0.7134725624581275,0.7505762106675948,0.5,0.8443333333333334
D,0,dinov2_b,base,5,cls,real,base,support_state,6000,600,auroc,0.8685712619123501,0.8534715947199175,0.8835747123612185,0.5,0.8443333333333334
D,0,dinov2_b,base,5,mean,real,base,contact_state,6000,600,balanced_accuracy,0.8609027777777778,0.8521527777777778,0.8700017361111111,0.5,0.6
D,0,dinov2_b,base,5,mean,real,base,contact_state,6000,600,auroc,0.9414203703703704,0.9368826215277778,0.9461142679398148,0.5,0.6
D,0,dinov2_b,base,5,mean,real,base,ee_obj_dist,6000,600,r2,0.9184457070722267,0.9127137073977216,0.924206796843729,0.0,
D,0,dinov2_b,base,5,mean,real,base,friction_slide,6000,600,r2,-0.012728721347574856,-0.03357098880483357,7.159782642734978e-06,0.0,
D,0,dinov2_b,base,5,mean,real,base,log_mass,6000,600,r2,-0.00573667798833033,-0.02059424192287008,0.005284861380304825,0.0,
D,0,dinov2_b,base,5,mean,real,base,obj_pos_x,6000,600,r2,0.9143752101785053,0.9047700824633687,0.9227239898287581,0.0,
D,0,dinov2_b,base,5,mean,real,base,obj_pos_y,6000,600,r2,0.8802975856942612,0.8650751045856795,0.8932447988056794,0.0,
D,0,dinov2_b,base,5,mean,real,base,obj_speed,6000,600,r2,0.22116402416718028,0.19563728624234755,0.24272484944441577,0.0,
D,0,dinov2_b,base,5,mean,real,base,support_state,6000,600,balanced_accuracy,0.7464010394695797,0.7288197288106413,0.7643491633076299,0.5,0.8443333333333334
D,0,dinov2_b,base,5,mean,real,base,support_state,6000,600,auroc,0.87536932195237,0.8615890191603539,0.8888397232306835,0.5,0.8443333333333334
D,0,dinov2_b,base,8,cls,real,base,contact_state,6000,600,balanced_accuracy,0.8911805555555555,0.8836805555555556,0.8989583333333333,0.5,0.6
D,0,dinov2_b,base,8,cls,real,base,contact_state,6000,600,auroc,0.959731712962963,0.9558362008101852,0.9637781799768518,0.5,0.6
D,0,dinov2_b,base,8,cls,real,base,ee_obj_dist,6000,600,r2,0.925834531582088,0.921050355358435,0.9306563332190048,0.0,
D,0,dinov2_b,base,8,cls,real,base,friction_slide,6000,600,r2,-0.018237301978841325,-0.03906300124297456,-0.003200937138389212,0.0,
D,0,dinov2_b,base,8,cls,real,base,log_mass,6000,600,r2,-0.010761198201330702,-0.024731774494369398,-0.0007387697430243171,0.0,
D,0,dinov2_b,base,8,cls,real,base,obj_pos_x,6000,600,r2,0.9229364262866018,0.9147985643783948,0.9303013561501443,0.0,
D,0,dinov2_b,base,8,cls,real,base,obj_pos_y,6000,600,r2,0.8747790455008906,0.8597777288590267,0.8868328603938976,0.0,
D,0,dinov2_b,base,8,cls,real,base,obj_speed,6000,600,r2,0.24575028051307424,0.22184477945040612,0.2672653876420327,0.0,
D,0,dinov2_b,base,8,cls,real,base,support_state,6000,600,balanced_accuracy,0.7530824381546879,0.7349595649356564,0.7714811589332473,0.5,0.8443333333333334
D,0,dinov2_b,base,8,cls,real,base,support_state,6000,600,auroc,0.8926020216229286,0.8791004073404228,0.9059715005515984,0.5,0.8443333333333334
D,0,dinov2_b,base,8,mean,real,base,contact_state,6000,600,balanced_accuracy,0.8734027777777778,0.8655555555555556,0.8815277777777778,0.5,0.6
D,0,dinov2_b,base,8,mean,real,base,contact_state,6000,600,auroc,0.9537018518518519,0.9496967766203703,0.9577532349537037,0.5,0.6
D,0,dinov2_b,base,8,mean,real,base,ee_obj_dist,6000,600,r2,0.9367272645710853,0.9320772236517371,0.9411070062309583,0.0,
D,0,dinov2_b,base,8,mean,real,base,friction_slide,6000,600,r2,-0.013391792726281881,-0.03369240933470853,-0.0005318971988256716,0.0,
D,0,dinov2_b,base,8,mean,real,base,log_mass,6000,600,r2,-0.009250910415754543,-0.024088477375553013,0.0014604186438978055,0.0,
D,0,dinov2_b,base,8,mean,real,base,obj_pos_x,6000,600,r2,0.9269939027739375,0.9180067658690202,0.9349142717243033,0.0,
D,0,dinov2_b,base,8,mean,real,base,obj_pos_y,6000,600,r2,0.8927443258874156,0.876930095041674,0.9049199211741142,0.0,
D,0,dinov2_b,base,8,mean,real,base,obj_speed,6000,600,r2,0.2478684926765451,0.22485842118102806,0.2682040209365781,0.0,
D,0,dinov2_b,base,8,mean,real,base,support_state,6000,600,balanced_accuracy,0.7489971773024344,0.7304137133154852,0.7665963123011446,0.5,0.8443333333333334
D,0,dinov2_b,base,8,mean,real,base,support_state,6000,600,auroc,0.890806239860818,0.8781615900464607,0.9029106973801195,0.5,0.8443333333333334
D,0,random_b,base,11,cls,real,base,contact_state,6000,600,balanced_accuracy,0.7448611111111111,0.7347899305555555,0.7552812499999999,0.5,0.6
D,0,random_b,base,11,cls,real,base,contact_state,6000,600,auroc,0.8423862268518518,0.8349566261574074,0.8495635040509258,0.5,0.6
D,0,random_b,base,11,cls,real,base,ee_obj_dist,6000,600,r2,0.6158419354315245,0.6016090242855622,0.6293245089295268,0.0,
D,0,random_b,base,11,cls,real,base,friction_slide,6000,600,r2,-0.018756075126717286,-0.04070314630044265,-0.002892186187156717,0.0,
D,0,random_b,base,11,cls,real,base,log_mass,6000,600,r2,0.002283501728894244,-0.009105917520790563,0.009202890968740947,0.0,
D,0,random_b,base,11,cls,real,base,obj_pos_x,6000,600,r2,0.4685915304645216,0.4431334958295698,0.49244455111034874,0.0,
D,0,random_b,base,11,cls,real,base,obj_pos_y,6000,600,r2,0.4675600840398846,0.4397972079607136,0.4933900951223358,0.0,
D,0,random_b,base,11,cls,real,base,obj_speed,6000,600,r2,0.07948185785120154,0.061909197091034776,0.09479674147537846,0.0,
D,0,random_b,base,11,cls,real,base,support_state,6000,600,balanced_accuracy,0.5981772931353246,0.5820164867714313,0.6154962476134939,0.5,0.8443333333333334
D,0,random_b,base,11,cls,real,base,support_state,6000,600,auroc,0.7563362755101609,0.7372592462218751,0.7756596285636869,0.5,0.8443333333333334
D,0,random_b,base,11,mean,real,base,contact_state,6000,600,balanced_accuracy,0.7540972222222222,0.7439583333333333,0.7635416666666667,0.5,0.6
D,0,random_b,base,11,mean,real,base,contact_state,6000,600,auroc,0.8494991898148149,0.842432410300926,0.856355708912037,0.5,0.6
D,0,random_b,base,11,mean,real,base,ee_obj_dist,6000,600,r2,0.6382658445044598,0.6245222886351617,0.6517969271823852,0.0,
D,0,random_b,base,11,mean,real,base,friction_slide,6000,600,r2,-0.02079371065466895,-0.04303751838709163,-0.004671198157642268,0.0,
D,0,random_b,base,11,mean,real,base,log_mass,6000,600,r2,0.002218774232286669,-0.009318657924036983,0.00892802394683263,0.0,
D,0,random_b,base,11,mean,real,base,obj_pos_x,6000,600,r2,0.4905996323339228,0.46534905848679486,0.5143461315839106,0.0,
D,0,random_b,base,11,mean,real,base,obj_pos_y,6000,600,r2,0.5070864155428789,0.4826943607134743,0.5291712038199722,0.0,
D,0,random_b,base,11,mean,real,base,obj_speed,6000,600,r2,0.08718842952574801,0.070024029685549,0.10217825968174556,0.0,
D,0,random_b,base,11,mean,real,base,support_state,6000,600,balanced_accuracy,0.6121377686064294,0.5959894778859048,0.6286765821052726,0.5,0.8443333333333334
D,0,random_b,base,11,mean,real,base,support_state,6000,600,auroc,0.7624273931005798,0.7435318207519436,0.7828061367157193,0.5,0.8443333333333334
D,0,random_b,base,2,cls,real,base,contact_state,6000,600,balanced_accuracy,0.7463194444444445,0.7367343749999999,0.7558368055555555,0.5,0.6
D,0,random_b,base,2,cls,real,base,contact_state,6000,600,auroc,0.8402526620370371,0.8327883767361111,0.8474294010416666,0.5,0.6
D,0,random_b,base,2,cls,real,base,ee_obj_dist,6000,600,r2,0.6055960687205963,0.5883256750025111,0.6217700311581612,0.0,
D,0,random_b,base,2,cls,real,base,friction_slide,6000,600,r2,-0.01460429685538367,-0.035326086199968174,-0.0011987178433938545,0.0,
D,0,random_b,base,2,cls,real,base,log_mass,6000,600,r2,0.00230302339951427,-0.008491303162379315,0.008331039831241317,0.0,
D,0,random_b,base,2,cls,real,base,obj_pos_x,6000,600,r2,0.43909138816092497,0.3974076247104589,0.47222123406637906,0.0,
D,0,random_b,base,2,cls,real,base,obj_pos_y,6000,600,r2,0.4567086396743185,0.4303848644027311,0.47879992121452,0.0,
D,0,random_b,base,2,cls,real,base,obj_speed,6000,600,r2,0.0782086358176669,0.05925999070112116,0.095499089879426,0.0,
D,0,random_b,base,2,cls,real,base,support_state,6000,600,balanced_accuracy,0.5929795225507245,0.5787802357955073,0.6080154364429323,0.5,0.8443333333333334
D,0,random_b,base,2,cls,real,base,support_state,6000,600,auroc,0.7490884774932349,0.7308824496209758,0.7679926491735971,0.5,0.8443333333333334
D,0,random_b,base,2,mean,real,base,contact_state,6000,600,balanced_accuracy,0.7513888888888889,0.7406944444444444,0.7613211805555555,0.5,0.6
D,0,random_b,base,2,mean,real,base,contact_state,6000,600,auroc,0.8502662037037036,0.843259976851852,0.8570305410879631,0.5,0.6
D,0,random_b,base,2,mean,real,base,ee_obj_dist,6000,600,r2,0.6324107208155827,0.619802536941977,0.6452738113988506,0.0,
D,0,random_b,base,2,mean,real,base,friction_slide,6000,600,r2,-0.021041996682870323,-0.0432170685405726,-0.006002945671415882,0.0,
D,0,random_b,base,2,mean,real,base,log_mass,6000,600,r2,0.002357702613430379,-0.00925370050679294,0.008958629964727679,0.0,
D,0,random_b,base,2,mean,real,base,obj_pos_x,6000,600,r2,0.5018508375500527,0.4767568226783415,0.5248359937599272,0.0,
D,0,random_b,base,2,mean,real,base,obj_pos_y,6000,600,r2,0.5017071569932419,0.47903071581734863,0.5239508302470864,0.0,
D,0,random_b,base,2,mean,real,base,obj_speed,6000,600,r2,0.08684135153019634,0.06916524863569634,0.10226503550392134,0.0,
D,0,random_b,base,2,mean,real,base,support_state,6000,600,balanced_accuracy,0.5986407684094577,0.5833719311424985,0.6136241757880235,0.5,0.8443333333333334
D,0,random_b,base,2,mean,real,base,support_state,6000,600,auroc,0.7555023158969695,0.7368427770353554,0.7750138598608689,0.5,0.8443333333333334
D,0,random_b,base,5,cls,real,base,contact_state,6000,600,balanced_accuracy,0.7481944444444444,0.7379861111111111,0.7581961805555555,0.5,0.6
D,0,random_b,base,5,cls,real,base,contact_state,6000,600,auroc,0.8396131944444445,0.8317165856481481,0.8472247019675926,0.5,0.6
D,0,random_b,base,5,cls,real,base,ee_obj_dist,6000,600,r2,0.6140594408737444,0.5996485295745371,0.627710762818213,0.0,
D,0,random_b,base,5,cls,real,base,friction_slide,6000,600,r2,-0.014535349577997625,-0.03485187905807442,-0.001268716268605317,0.0,
D,0,random_b,base,5,cls,real,base,log_mass,6000,600,r2,0.0027138177633555527,-0.008556908483736992,0.009183877983206188,0.0,
D,0,random_b,base,5,cls,real,base,obj_pos_x,6000,600,r2,0.4510552607108971,0.42184526638955255,0.4762590218253401,0.0,
D,0,random_b,base,5,cls,real,base,obj_pos_y,6000,600,r2,0.46986093330022816,0.4453628558388534,0.49255017369405213,0.0,
D,0,random_b,base,5,cls,real,base,obj_speed,6000,600,r2,0.07884215548871099,0.060612302328149924,0.0950672234312034,0.0,
D,0,random_b,base,5,cls,real,base,support_state,6000,600,balanced_accuracy,0.6044038816107045,0.5892656184908405,0.6200626470877977,0.5,0.8443333333333334
D,0,random_b,base,5,cls,real,base,support_state,6000,600,auroc,0.753269265396974,0.7341422628901573,0.7733263317738236,0.5,0.8443333333333334
D,0,random_b,base,5,mean,real,base,contact_state,6000,600,balanced_accuracy,0.7517361111111112,0.7415277777777778,0.7613211805555555,0.5,0.6
D,0,random_b,base,5,mean,real,base,contact_state,6000,600,auroc,0.8490155092592593,0.8416096325231481,0.8564972366898148,0.5,0.6
D,0,random_b,base,5,mean,real,base,ee_obj_dist,6000,600,r2,0.6346322888048723,0.6228646168944741,0.6470937261670981,0.0,
D,0,random_b,base,5,mean,real,base,friction_slide,6000,600,r2,-0.019579958224100746,-0.041133686304156904,-0.0042522902824013225,0.0,
D,0,random_b,base,5,mean,real,base,log_mass,6000,600,r2,0.002372970637105176,-0.009104347012663511,0.008929461611434862,0.0,
D,0,random_b,base,5,mean,real,base,obj_pos_x,6000,600,r2,0.5003744624301121,0.4767576203091673,0.5217696131477876,0.0,
D,0,random_b,base,5,mean,real,base,obj_pos_y,6000,600,r2,0.5045342795650893,0.481642001385418,0.5266530614229338,0.0,
D,0,random_b,base,5,mean,real,base,obj_speed,6000,600,r2,0.08741320189883839,0.07005222093168634,0.10290454273083033,0.0,
D,0,random_b,base,5,mean,real,base,support_state,6000,600,balanced_accuracy,0.6134595079426939,0.5981585224840432,0.6286837630832238,0.5,0.8443333333333334
D,0,random_b,base,5,mean,real,base,support_state,6000,600,auroc,0.755158672123262,0.7364281142123124,0.7744501691689091,0.5,0.8443333333333334
D,0,random_b,base,8,cls,real,base,contact_state,6000,600,balanced_accuracy,0.743125,0.7331909722222223,0.7528489583333333,0.5,0.6
D,0,random_b,base,8,cls,real,base,contact_state,6000,600,auroc,0.8400717592592593,0.8329213888888889,0.8471525839120371,0.5,0.6
D,0,random_b,base,8,cls,real,base,ee_obj_dist,6000,600,r2,0.6159191522764558,0.602210819144061,0.6293274103715703,0.0,
D,0,random_b,base,8,cls,real,base,friction_slide,6000,600,r2,-0.014878364392324261,-0.03567302348441448,-0.0011014509395401073,0.0,
D,0,random_b,base,8,cls,real,base,log_mass,6000,600,r2,0.002726480332006731,-0.008801677089956222,0.009532779877769466,0.0,
D,0,random_b,base,8,cls,real,base,obj_pos_x,6000,600,r2,0.47001187594585725,0.44472848465923753,0.4937990712723362,0.0,
D,0,random_b,base,8,cls,real,base,obj_pos_y,6000,600,r2,0.47186380813931117,0.4468116108199871,0.49493368588315295,0.0,
D,0,random_b,base,8,cls,real,base,obj_speed,6000,600,r2,0.07725672230431868,0.05829034088000006,0.09430978763030368,0.0,
D,0,random_b,base,8,cls,real,base,support_state,6000,600,balanced_accuracy,0.5978661961888934,0.5826104845472915,0.6139069758673318,0.5,0.8443333333333334
D,0,random_b,base,8,cls,real,base,support_state,6000,600,auroc,0.7564709010229849,0.7374455101068297,0.7758760704541061,0.5,0.8443333333333334
D,0,random_b,base,8,mean,real,base,contact_state,6000,600,balanced_accuracy,0.7508333333333334,0.7400677083333334,0.7604861111111112,0.5,0.6
D,0,random_b,base,8,mean,real,base,contact_state,6000,600,auroc,0.8504327546296296,0.8439855324074074,0.8570735098379629,0.5,0.6
D,0,random_b,base,8,mean,real,base,ee_obj_dist,6000,600,r2,0.6366348895528912,0.6236434247676277,0.6492711363876557,0.0,
D,0,random_b,base,8,mean,real,base,friction_slide,6000,600,r2,-0.021668251192928256,-0.04374412351806975,-0.005877929920310678,0.0,
D,0,random_b,base,8,mean,real,base,log_mass,6000,600,r2,0.0023009417391113285,-0.009470335825961417,0.009006872084160601,0.0,
D,0,random_b,base,8,mean,real,base,obj_pos_x,6000,600,r2,0.484788867079312,0.45734763376857396,0.508835121109571,0.0,
D,0,random_b,base,8,mean,real,base,obj_pos_y,6000,600,r2,0.506149920309285,0.48344995429275806,0.5275668402791394,0.0,
D,0,random_b,base,8,mean,real,base,obj_speed,6000,600,r2,0.08816750472128765,0.0708699350434361,0.10355734725866234,0.0,
D,0,random_b,base,8,mean,real,base,support_state,6000,600,balanced_accuracy,0.6159119325122515,0.5990807641628216,0.632830818126055,0.5,0.8443333333333334
D,0,random_b,base,8,mean,real,base,support_state,6000,600,auroc,0.7602224512241411,0.7399837377976193,0.7801787642155374,0.5,0.8443333333333334
D,1,dinov2_b,base,11,cls,real,base,contact_state,6000,600,balanced_accuracy,0.8916666666666666,0.8843732638888889,0.898751736111111,0.5,0.6
D,1,dinov2_b,base,11,cls,real,base,contact_state,6000,600,auroc,0.9641980324074074,0.9605475896990741,0.9677009780092592,0.5,0.6
D,1,dinov2_b,base,11,cls,real,base,ee_obj_dist,6000,600,r2,0.9205749247520366,0.91483677528418,0.9263736600878314,0.0,
D,1,dinov2_b,base,11,cls,real,base,friction_slide,6000,600,r2,0.00365318008206017,-0.0083964835593341,0.011309580219214585,0.0,
D,1,dinov2_b,base,11,cls,real,base,log_mass,6000,600,r2,-0.003254942956872897,-0.016993245915629184,0.004006084675520159,0.0,
D,1,dinov2_b,base,11,cls,real,base,obj_pos_x,6000,600,r2,0.8928740670185829,0.8825128269290727,0.9026734179883952,0.0,
D,1,dinov2_b,base,11,cls,real,base,obj_pos_y,6000,600,r2,0.8566343736403903,0.8415759715990035,0.8695588002217409,0.0,
D,1,dinov2_b,base,11,cls,real,base,obj_speed,6000,600,r2,0.24050166245302496,0.2181141918183469,0.26186913055546246,0.0,
D,1,dinov2_b,base,11,cls,real,base,support_state,6000,600,balanced_accuracy,0.73712656085891,0.7192696830995,0.7552537534380901,0.5,0.836
D,1,dinov2_b,base,11,cls,real,base,support_state,6000,600,auroc,0.8803922974935491,0.8668329831079061,0.8939205287469545,0.5,0.836
D,1,dinov2_b,base,11,mean,real,base,contact_state,6000,600,balanced_accuracy,0.8933333333333333,0.886109375,0.900765625,0.5,0.6
D,1,dinov2_b,base,11,mean,real,base,contact_state,6000,600,auroc,0.9637296296296296,0.9600270370370371,0.9673835908564815,0.5,0.6
D,1,dinov2_b,base,11,mean,real,base,ee_obj_dist,6000,600,r2,0.938882997194695,0.9343069748431937,0.9431115857871772,0.0,
D,1,dinov2_b,base,11,mean,real,base,friction_slide,6000,600,r2,0.008312455305306332,-0.004145214246777806,0.01626477439062219,0.0,
D,1,dinov2_b,base,11,mean,real,base,log_mass,6000,600,r2,-0.0015210369391387424,-0.015785595357150232,0.0069459309086129985,0.0,
D,1,dinov2_b,base,11,mean,real,base,obj_pos_x,6000,600,r2,0.9164733241354728,0.905636388870291,0.9263595077758228,0.0,
D,1,dinov2_b,base,11,mean,real,base,obj_pos_y,6000,600,r2,0.8928665199372133,0.8769041986037374,0.907291431733667,0.0,
D,1,dinov2_b,base,11,mean,real,base,obj_speed,6000,600,r2,0.26153075509534496,0.23934171490114947,0.2816862612463736,0.0,
D,1,dinov2_b,base,11,mean,real,base,support_state,6000,600,balanced_accuracy,0.74778027385537,0.7301483507901512,0.765186801750669,0.5,0.836
D,1,dinov2_b,base,11,mean,real,base,support_state,6000,600,auroc,0.8935356047639423,0.8811278542355241,0.9054216608502117,0.5,0.836
D,1,dinov2_b,base,2,cls,real,base,contact_state,6000,600,balanced_accuracy,0.7845138888888888,0.7743732638888889,0.7950034722222221,0.5,0.6
D,1,dinov2_b,base,2,cls,real,base,contact_state,6000,600,auroc,0.8864363425925926,0.8793140451388889,0.8930993431712964,0.5,0.6
D,1,dinov2_b,base,2,cls,real,base,ee_obj_dist,6000,600,r2,0.7931161626246812,0.782406017230602,0.804226936764403,0.0,
D,1,dinov2_b,base,2,cls,real,base,friction_slide,6000,600,r2,0.001887736990539124,-0.010211372856302725,0.008881158628122257,0.0,
D,1,dinov2_b,base,2,cls,real,base,log_mass,6000,600,r2,-0.008884446683399938,-0.02207862886596626,-0.0019363022065432825,0.0,
D,1,dinov2_b,base,2,cls,real,base,obj_pos_x,6000,600,r2,0.765071860446394,0.7486190021303049,0.7807709805700179,0.0,
D,1,dinov2_b,base,2,cls,real,base,obj_pos_y,6000,600,r2,0.722364945206539,0.7009454867877295,0.7410095275167482,0.0,
D,1,dinov2_b,base,2,cls,real,base,obj_speed,6000,600,r2,0.1558488303141543,0.1356670986764279,0.17417484444415685,0.0,
D,1,dinov2_b,base,2,cls,real,base,support_state,6000,600,balanced_accuracy,0.6893842144163068,0.6708250317604304,0.7074698467514239,0.5,0.836
D,1,dinov2_b,base,2,cls,real,base,support_state,6000,600,auroc,0.8202546566434564,0.8019097256777993,0.8376878679746698,0.5,0.836
D,1,dinov2_b,base,2,mean,real,base,contact_state,6000,600,balanced_accuracy,0.8356944444444445,0.8268055555555556,0.8440989583333334,0.5,0.6
D,1,dinov2_b,base,2,mean,real,base,contact_state,6000,600,auroc,0.9206793981481481,0.915002806712963,0.9261676880787038,0.5,0.6
D,1,dinov2_b,base,2,mean,real,base,ee_obj_dist,6000,600,r2,0.889993119557614,0.882180530654116,0.8971092491643359,0.0,
D,1,dinov2_b,base,2,mean,real,base,friction_slide,6000,600,r2,-0.003309792891322827,-0.01549979250001241,0.004251990546797389,0.0,
D,1,dinov2_b,base,2,mean,real,base,log_mass,6000,600,r2,-0.0070357405635348425,-0.02203217082758186,0.0018257568120082577,0.0,
D,1,dinov2_b,base,2,mean,real,base,obj_pos_x,6000,600,r2,0.8667886663885557,0.8525628476482375,0.8795863723258193,0.0,
D,1,dinov2_b,base,2,mean,real,base,obj_pos_y,6000,600,r2,0.8272150473560195,0.8091438098649718,0.8422709157981134,0.0,
D,1,dinov2_b,base,2,mean,real,base,obj_speed,6000,600,r2,0.19935511890105673,0.1801410732895193,0.21714220035558132,0.0,
D,1,dinov2_b,base,2,mean,real,base,support_state,6000,600,balanced_accuracy,0.7191231960166491,0.7019862754220964,0.736636114625534,0.5,0.836
D,1,dinov2_b,base,2,mean,real,base,support_state,6000,600,auroc,0.8451268947498087,0.8289853228161084,0.8608870985756506,0.5,0.836
D,1,dinov2_b,base,5,cls,real,base,contact_state,6000,600,balanced_accuracy,0.8611805555555556,0.8526371527777779,0.8690972222222222,0.5,0.6
D,1,dinov2_b,base,5,cls,real,base,contact_state,6000,600,auroc,0.9435133101851851,0.9386068460648148,0.9481077112268519,0.5,0.6
D,1,dinov2_b,base,5,cls,real,base,ee_obj_dist,6000,600,r2,0.9056398132704626,0.8986892124256475,0.9124562209846542,0.0,
D,1,dinov2_b,base,5,cls,real,base,friction_slide,6000,600,r2,0.000504362811772352,-0.011358687305432363,0.0075047286501385615,0.0,
D,1,dinov2_b,base,5,cls,real,base,log_mass,6000,600,r2,-0.006199514027197761,-0.020443482271003177,0.0017699537055868798,0.0,
D,1,dinov2_b,base,5,cls,real,base,obj_pos_x,6000,600,r2,0.9054155360606568,0.8946808624627849,0.9150731704177867,0.0,
D,1,dinov2_b,base,5,cls,real,base,obj_pos_y,6000,600,r2,0.8380769345068884,0.8206853413699202,0.8530383530480835,0.0,
D,1,dinov2_b,base,5,cls,real,base,obj_speed,6000,600,r2,0.22463172608387116,0.20326024055049607,0.24428168896971034,0.0,
D,1,dinov2_b,base,5,cls,real,base,support_state,6000,600,balanced_accuracy,0.7399468043723499,0.7225932549525348,0.7574262315180019,0.5,0.836
D,1,dinov2_b,base,5,cls,real,base,support_state,6000,600,auroc,0.8749529959414427,0.8606327809037533,0.8887414429225345,0.5,0.836
D,1,dinov2_b,base,5,mean,real,base,contact_state,6000,600,balanced_accuracy,0.8656944444444445,0.8574288194444444,0.8738888888888889,0.5,0.6
D,1,dinov2_b,base,5,mean,real,base,contact_state,6000,600,auroc,0.9442990740740741,0.9396276793981482,0.949218509837963,0.5,0.6
D,1,dinov2_b,base,5,mean,real,base,ee_obj_dist,6000,600,r2,0.9229983298608474,0.9165860782760434,0.9288378786713062,0.0,
D,1,dinov2_b,base,5,mean,real,base,friction_slide,6000,600,r2,-0.0027860137428363796,-0.016368818577276983,0.0065118167215375755,0.0,
D,1,dinov2_b,base,5,mean,real,base,log_mass,6000,600,r2,0.0023417770896383416,-0.013230138504075584,0.012516891702746927,0.0,
D,1,dinov2_b,base,5,mean,real,base,obj_pos_x,6000,600,r2,0.9148137702226641,0.9050474094032721,0.9237929831040748,0.0,
D,1,dinov2_b,base,5,mean,real,base,obj_pos_y,6000,600,r2,0.8758078916518135,0.8584816061727942,0.8907256996812909,0.0,
D,1,dinov2_b,base,5,mean,real,base,obj_speed,6000,600,r2,0.2404032580673604,0.21903419908805755,0.2595750800464182,0.0,
D,1,dinov2_b,base,5,mean,real,base,support_state,6000,600,balanced_accuracy,0.7459738592601237,0.7278902504153884,0.7634241715520343,0.5,0.836
D,1,dinov2_b,base,5,mean,real,base,support_state,6000,600,auroc,0.8760981120576756,0.8612492720132465,0.8893046048100038,0.5,0.836
D,1,dinov2_b,base,8,cls,real,base,contact_state,6000,600,balanced_accuracy,0.8870833333333333,0.8790277777777777,0.8953489583333334,0.5,0.6
D,1,dinov2_b,base,8,cls,real,base,contact_state,6000,600,auroc,0.9614152777777778,0.9576093113425925,0.9652276736111112,0.5,0.6
D,1,dinov2_b,base,8,cls,real,base,ee_obj_dist,6000,600,r2,0.9289030708168152,0.9237840597239493,0.9339749577099247,0.0,
D,1,dinov2_b,base,8,cls,real,base,friction_slide,6000,600,r2,0.0023064574612309263,-0.01000471516756694,0.009740397489236786,0.0,
D,1,dinov2_b,base,8,cls,real,base,log_mass,6000,600,r2,-0.0007036764236860726,-0.015918939040853692,0.008036646485601637,0.0,
D,1,dinov2_b,base,8,cls,real,base,obj_pos_x,6000,600,r2,0.9187580746454419,0.908553623124299,0.928089276136068,0.0,
D,1,dinov2_b,base,8,cls,real,base,obj_pos_y,6000,600,r2,0.8754992986130161,0.8604192033104417,0.8882145644647302,0.0,
D,1,dinov2_b,base,8,cls,real,base,obj_speed,6000,600,r2,0.2510775398217776,0.22872412698496966,0.27085233621080645,0.0,
D,1,dinov2_b,base,8,cls,real,base,support_state,6000,600,balanced_accuracy,0.7485752907768313,0.7311365717407221,0.7658577123297727,0.5,0.836
D,1,dinov2_b,base,8,cls,real,base,support_state,6000,600,auroc,0.8923607059037097,0.8789958520369412,0.904740851657402,0.5,0.836
D,1,dinov2_b,base,8,mean,real,base,contact_state,6000,600,balanced_accuracy,0.8822222222222222,0.87375,0.8897916666666668,0.5,0.6
D,1,dinov2_b,base,8,mean,real,base,contact_state,6000,600,auroc,0.9578206018518518,0.9537021556712963,0.9619410416666667,0.5,0.6
D,1,dinov2_b,base,8,mean,real,base,ee_obj_dist,6000,600,r2,0.9351448897996278,0.9304267730408649,0.9397538649159005,0.0,
D,1,dinov2_b,base,8,mean,real,base,friction_slide,6000,600,r2,0.00304198445884718,-0.009969054766928937,0.010781204874825485,0.0,
D,1,dinov2_b,base,8,mean,real,base,log_mass,6000,600,r2,0.0019077006920504846,-0.013568912993551585,0.011504358042751864,0.0,
D,1,dinov2_b,base,8,mean,real,base,obj_pos_x,6000,600,r2,0.9264940707644616,0.9174427663379784,0.9352764166197383,0.0,
D,1,dinov2_b,base,8,mean,real,base,obj_pos_y,6000,600,r2,0.8922413991697263,0.8754138847100182,0.9060038597322071,0.0,
D,1,dinov2_b,base,8,mean,real,base,obj_speed,6000,600,r2,0.26380632946862526,0.24237820375162758,0.28237432463668216,0.0,
D,1,dinov2_b,base,8,mean,real,base,support_state,6000,600,balanced_accuracy,0.7630241762943946,0.7458216638022325,0.7788904022824958,0.5,0.836
D,1,dinov2_b,base,8,mean,real,base,support_state,6000,600,auroc,0.8941109992738684,0.8810696986221047,0.9061745464997151,0.5,0.836
D,1,random_b,base,11,cls,real,base,contact_state,6000,600,balanced_accuracy,0.7583333333333333,0.7490954861111112,0.7677100694444444,0.5,0.6
D,1,random_b,base,11,cls,real,base,contact_state,6000,600,auroc,0.8488237268518518,0.8415808593749999,0.8556004803240741,0.5,0.6
D,1,random_b,base,11,cls,real,base,ee_obj_dist,6000,600,r2,0.6061465734928123,0.5928303919058809,0.6195012219514033,0.0,
D,1,random_b,base,11,cls,real,base,friction_slide,6000,600,r2,0.002306148761989757,-0.008782617717914687,0.007843874140352907,0.0,
D,1,random_b,base,11,cls,real,base,log_mass,6000,600,r2,-0.003053850581058004,-0.016242942567745423,0.004351665014319254,0.0,
D,1,random_b,base,11,cls,real,base,obj_pos_x,6000,600,r2,0.4683120639382685,0.4378694496065317,0.49447492031231743,0.0,
D,1,random_b,base,11,cls,real,base,obj_pos_y,6000,600,r2,0.4773704961972366,0.451447417363359,0.5018766919072242,0.0,
D,1,random_b,base,11,cls,real,base,obj_speed,6000,600,r2,0.0874204412359818,0.07302698107477365,0.10168725784859342,0.0,
D,1,random_b,base,11,cls,real,base,support_state,6000,600,balanced_accuracy,0.585866690006613,0.5722120964484376,0.5999850378046675,0.5,0.836
D,1,random_b,base,11,cls,real,base,support_state,6000,600,auroc,0.7569537642146756,0.7355571508652904,0.7765023846618888,0.5,0.836
D,1,random_b,base,11,mean,real,base,contact_state,6000,600,balanced_accuracy,0.7607638888888889,0.7506232638888889,0.7705572916666666,0.5,0.6
D,1,random_b,base,11,mean,real,base,contact_state,6000,600,auroc,0.850525,0.8435202893518519,0.8577024016203704,0.5,0.6
D,1,random_b,base,11,mean,real,base,ee_obj_dist,6000,600,r2,0.6214212998637691,0.607859620135853,0.6356085147423064,0.0,
D,1,random_b,base,11,mean,real,base,friction_slide,6000,600,r2,0.005078377173330595,-0.005619283111191603,0.0103849285146557,0.0,
D,1,random_b,base,11,mean,real,base,log_mass,6000,600,r2,-0.003668195141770303,-0.016832577123169407,0.003454537446091864,0.0,
D,1,random_b,base,11,mean,real,base,obj_pos_x,6000,600,r2,0.47902314246503797,0.4544664338702426,0.5018748714239041,0.0,
D,1,random_b,base,11,mean,real,base,obj_pos_y,6000,600,r2,0.5013262342494699,0.4742347533934639,0.5256133957131747,0.0,
D,1,random_b,base,11,mean,real,base,obj_speed,6000,600,r2,0.08695719215586561,0.07056753266204509,0.1021363157914164,0.0,
D,1,random_b,base,11,mean,real,base,support_state,6000,600,balanced_accuracy,0.6007313183179679,0.5858266929411459,0.6162105748558042,0.5,0.836
D,1,random_b,base,11,mean,real,base,support_state,6000,600,auroc,0.7585729729904954,0.7383879105533662,0.777185158262829,0.5,0.836
D,1,random_b,base,2,cls,real,base,contact_state,6000,600,balanced_accuracy,0.7491666666666666,0.7392361111111112,0.7589583333333334,0.5,0.6
D,1,random_b,base,2,cls,real,base,contact_state,6000,600,auroc,0.8386223379629629,0.8311256799768518,0.846188929398148,0.5,0.6
D,1,random_b,base,2,cls,real,base,ee_obj_dist,6000,600,r2,0.601186035922169,0.5860004881781262,0.6162461608300291,0.0,
D,1,random_b,base,2,cls,real,base,friction_slide,6000,600,r2,0.003062361120212742,-0.007606559488636394,0.008180162568568667,0.0,
D,1,random_b,base,2,cls,real,base,log_mass,6000,600,r2,-0.0031718570846679395,-0.016244295922560603,0.003797587555422321,0.0,
D,1,random_b,base,2,cls,real,base,obj_pos_x,6000,600,r2,0.45929229265304683,0.4352424016503612,0.48402664967537096,0.0,
D,1,random_b,base,2,cls,real,base,obj_pos_y,6000,600,r2,0.44766418333202507,0.41828505027545904,0.47393047758349666,0.0,
D,1,random_b,base,2,cls,real,base,obj_speed,6000,600,r2,0.08052871454422095,0.06327417810711647,0.09649196781283456,0.0,
D,1,random_b,base,2,cls,real,base,support_state,6000,600,balanced_accuracy,0.5787625938460341,0.5658017105715925,0.5928957104454216,0.5,0.836
D,1,random_b,base,2,cls,real,base,support_state,6000,600,auroc,0.7497339813410095,0.7297744662662228,0.7694818862649543,0.5,0.836
D,1,random_b,base,2,mean,real,base,contact_state,6000,600,balanced_accuracy,0.7552083333333334,0.7453454861111111,0.7647916666666666,0.5,0.6
D,1,random_b,base,2,mean,real,base,contact_state,6000,600,auroc,0.8459475694444445,0.838801796875,0.8530330873842593,0.5,0.6
D,1,random_b,base,2,mean,real,base,ee_obj_dist,6000,600,r2,0.6215077346596223,0.6086186970306616,0.6346211372731058,0.0,
D,1,random_b,base,2,mean,real,base,friction_slide,6000,600,r2,0.004620726659911756,-0.006009492733145838,0.009834275449169002,0.0,
D,1,random_b,base,2,mean,real,base,log_mass,6000,600,r2,-0.0028764427301564144,-0.016495095013270556,0.004443368628134076,0.0,
D,1,random_b,base,2,mean,real,base,obj_pos_x,6000,600,r2,0.4901906639626341,0.46573274148531574,0.5129010383594677,0.0,
D,1,random_b,base,2,mean,real,base,obj_pos_y,6000,600,r2,0.4942702625953803,0.4707210810557759,0.5169049135535484,0.0,
D,1,random_b,base,2,mean,real,base,obj_speed,6000,600,r2,0.08489898601797818,0.06942068001425997,0.09896011042134978,0.0,
D,1,random_b,base,2,mean,real,base,support_state,6000,600,balanced_accuracy,0.5970431205508226,0.5827606764409922,0.612275135239898,0.5,0.836
D,1,random_b,base,2,mean,real,base,support_state,6000,600,auroc,0.7469001633796243,0.7269863605545457,0.765811576339499,0.5,0.836
D,1,random_b,base,5,cls,real,base,contact_state,6000,600,balanced_accuracy,0.7463194444444444,0.7363194444444445,0.7560416666666667,0.5,0.6
D,1,random_b,base,5,cls,real,base,contact_state,6000,600,auroc,0.8423868055555556,0.8346123726851852,0.8493023929398148,0.5,0.6
D,1,random_b,base,5,cls,real,base,ee_obj_dist,6000,600,r2,0.6100808509832056,0.5966527793246387,0.6237322892859387,0.0,
D,1,random_b,base,5,cls,real,base,friction_slide,6000,600,r2,0.0024769317727301177,-0.008139555663061487,0.007608310560611699,0.0,
D,1,random_b,base,5,cls,real,base,log_mass,6000,600,r2,-0.0027736180644530872,-0.015724962416961308,0.004624151249958112,0.0,
D,1,random_b,base,5,cls,real,base,obj_pos_x,6000,600,r2,0.4686529737229185,0.4402333066469232,0.49416392287260497,0.0,
D,1,random_b,base,5,cls,real,base,obj_pos_y,6000,600,r2,0.45953850688453535,0.4303537242346044,0.48761591919600455,0.0,
D,1,random_b,base,5,cls,real,base,obj_speed,6000,600,r2,0.08722101169122876,0.0703838709641967,0.1027930184395504,0.0,
D,1,random_b,base,5,cls,real,base,support_state,6000,600,balanced_accuracy,0.5932163418524137,0.5779679870907661,0.6087449602816895,0.5,0.836
D,1,random_b,base,5,cls,real,base,support_state,6000,600,auroc,0.7425508697371662,0.7214739254169066,0.7630801510586945,0.5,0.836
D,1,random_b,base,5,mean,real,base,contact_state,6000,600,balanced_accuracy,0.7592361111111111,0.7492361111111112,0.769376736111111,0.5,0.6
D,1,random_b,base,5,mean,real,base,contact_state,6000,600,auroc,0.8501167824074074,0.842581027199074,0.8574698379629629,0.5,0.6
D,1,random_b,base,5,mean,real,base,ee_obj_dist,6000,600,r2,0.6232636244392689,0.609397030644677,0.6370335522296701,0.0,
D,1,random_b,base,5,mean,real,base,friction_slide,6000,600,r2,0.005097744203952592,-0.005513221912143218,0.010290591395202704,0.0,
D,1,random_b,base,5,mean,real,base,log_mass,6000,600,r2,-0.0034777730445956223,-0.01670339218728615,0.0036695414665031084,0.0,
D,1,random_b,base,5,mean,real,base,obj_pos_x,6000,600,r2,0.4929705582916848,0.46730783014910887,0.5162767400683056,0.0,
D,1,random_b,base,5,mean,real,base,obj_pos_y,6000,600,r2,0.497298269645423,0.4723975674933849,0.5213337630723299,0.0,
D,1,random_b,base,5,mean,real,base,obj_speed,6000,600,r2,0.08726182938823102,0.07065551743598907,0.10236785882223536,0.0,
D,1,random_b,base,5,mean,real,base,support_state,6000,600,balanced_accuracy,0.5943541642354222,0.5810808575451871,0.6085030718126763,0.5,0.836
D,1,random_b,base,5,mean,real,base,support_state,6000,600,auroc,0.7536280244680438,0.7330828615695637,0.7720623570190136,0.5,0.836
D,1,random_b,base,8,cls,real,base,contact_state,6000,600,balanced_accuracy,0.7582638888888888,0.7484027777777778,0.7677100694444444,0.5,0.6
D,1,random_b,base,8,cls,real,base,contact_state,6000,600,auroc,0.8469650462962963,0.8395289728009259,0.8539792795138889,0.5,0.6
D,1,random_b,base,8,cls,real,base,ee_obj_dist,6000,600,r2,0.6150591625378925,0.6019705760809466,0.6287850652891163,0.0,
D,1,random_b,base,8,cls,real,base,friction_slide,6000,600,r2,0.002504175078705928,-0.008560630067433928,0.008001481596245988,0.0,
D,1,random_b,base,8,cls,real,base,log_mass,6000,600,r2,-0.002741655262527898,-0.01584948929604505,0.004602402837071405,0.0,
D,1,random_b,base,8,cls,real,base,obj_pos_x,6000,600,r2,0.47032964700233715,0.441763123044261,0.49609659611991686,0.0,
D,1,random_b,base,8,cls,real,base,obj_pos_y,6000,600,r2,0.48633120306280986,0.4614496448520065,0.5105892573419221,0.0,
D,1,random_b,base,8,cls,real,base,obj_speed,6000,600,r2,0.08562003711791843,0.07032929917977987,0.09998139848951965,0.0,
D,1,random_b,base,8,cls,real,base,support_state,6000,600,balanced_accuracy,0.5926717431049908,0.5779548537485549,0.6072050485292232,0.5,0.836
D,1,random_b,base,8,cls,real,base,support_state,6000,600,auroc,0.7535907453871189,0.7335007396184169,0.7730610355885275,0.5,0.836
D,1,random_b,base,8,mean,real,base,contact_state,6000,600,balanced_accuracy,0.768125,0.7583298611111111,0.7778472222222221,0.5,0.6
D,1,random_b,base,8,mean,real,base,contact_state,6000,600,auroc,0.8571126157407407,0.8502041087962963,0.8642932841435185,0.5,0.6
D,1,random_b,base,8,mean,real,base,ee_obj_dist,6000,600,r2,0.6252005470183712,0.6112781432661978,0.639001671775421,0.0,
D,1,random_b,base,8,mean,real,base,friction_slide,6000,600,r2,0.004581174237152985,-0.00600388369134206,0.009983529393054422,0.0,
D,1,random_b,base,8,mean,real,base,log_mass,6000,600,r2,-0.003672295078941623,-0.016890445367430694,0.003580935560501024,0.0,
D,1,random_b,base,8,mean,real,base,obj_pos_x,6000,600,r2,0.4932925707952882,0.46944210921058765,0.5147261230431381,0.0,
D,1,random_b,base,8,mean,real,base,obj_pos_y,6000,600,r2,0.4973453913638246,0.471536675265231,0.5212634571059308,0.0,
D,1,random_b,base,8,mean,real,base,obj_speed,6000,600,r2,0.0881824130796065,0.07199900770388294,0.10312268656856376,0.0,
D,1,random_b,base,8,mean,real,base,support_state,6000,600,balanced_accuracy,0.5946726572528883,0.5798419795507334,0.6092031398548681,0.5,0.836
D,1,random_b,base,8,mean,real,base,support_state,6000,600,auroc,0.7586203822564541,0.7385002339321259,0.7779824863787324,0.5,0.836
D,2,dinov2_b,base,11,cls,real,base,contact_state,6000,600,balanced_accuracy,0.8884027777777778,0.8803454861111111,0.8964583333333334,0.5,0.6
D,2,dinov2_b,base,11,cls,real,base,contact_state,6000,600,auroc,0.9617087962962962,0.9578279861111111,0.9655584953703704,0.5,0.6
D,2,dinov2_b,base,11,cls,real,base,ee_obj_dist,6000,600,r2,0.9214196035725015,0.9158609534671501,0.9264106101638131,0.0,
D,2,dinov2_b,base,11,cls,real,base,friction_slide,6000,600,r2,0.0044428251028239,-0.006163832339454928,0.010703102212197413,0.0,
D,2,dinov2_b,base,11,cls,real,base,log_mass,6000,600,r2,-0.008710280930796843,-0.02286736908144903,-0.001263582371948725,0.0,
D,2,dinov2_b,base,11,cls,real,base,obj_pos_x,6000,600,r2,0.8966688641553465,0.8882080588960749,0.9045016524063261,0.0,
D,2,dinov2_b,base,11,cls,real,base,obj_pos_y,6000,600,r2,0.8620475856276345,0.8487725273977471,0.8737548233720844,0.0,
D,2,dinov2_b,base,11,cls,real,base,obj_speed,6000,600,r2,0.24331922388877514,0.22062948240625047,0.26334644407420726,0.0,
D,2,dinov2_b,base,11,cls,real,base,support_state,6000,600,balanced_accuracy,0.7457774748163296,0.7284066383104955,0.7620689102776261,0.5,0.837
D,2,dinov2_b,base,11,cls,real,base,support_state,6000,600,auroc,0.8820529140086278,0.8685902930128537,0.8953297785369733,0.5,0.837
D,2,dinov2_b,base,11,mean,real,base,contact_state,6000,600,balanced_accuracy,0.8902777777777777,0.8827048611111111,0.897361111111111,0.5,0.6
D,2,dinov2_b,base,11,mean,real,base,contact_state,6000,600,auroc,0.9608328703703704,0.9568475376157408,0.9644481105324074,0.5,0.6
D,2,dinov2_b,base,11,mean,real,base,ee_obj_dist,6000,600,r2,0.9364795758802439,0.9314380952953195,0.9411178458565206,0.0,
D,2,dinov2_b,base,11,mean,real,base,friction_slide,6000,600,r2,0.005031133914034425,-0.006528155069560265,0.012833668628745116,0.0,
D,2,dinov2_b,base,11,mean,real,base,log_mass,6000,600,r2,-0.012109774281991337,-0.027576842198017305,-0.0030808968997615483,0.0,
D,2,dinov2_b,base,11,mean,real,base,obj_pos_x,6000,600,r2,0.9196878324111514,0.911844460412006,0.9271466932115848,0.0,
D,2,dinov2_b,base,11,mean,real,base,obj_pos_y,6000,600,r2,0.8979725212862102,0.8873542394100924,0.9075129682325179,0.0,
D,2,dinov2_b,base,11,mean,real,base,obj_speed,6000,600,r2,0.2501861948273908,0.22739209748237785,0.27009909063689613,0.0,
D,2,dinov2_b,base,11,mean,real,base,support_state,6000,600,balanced_accuracy,0.7509815706596497,0.7344987425323338,0.7673482819514643,0.5,0.837
D,2,dinov2_b,base,11,mean,real,base,support_state,6000,600,auroc,0.895351455640173,0.8828240723751192,0.906009471877148,0.5,0.837
D,2,dinov2_b,base,2,cls,real,base,contact_state,6000,600,balanced_accuracy,0.7963888888888889,0.7867361111111111,0.8058333333333333,0.5,0.6
D,2,dinov2_b,base,2,cls,real,base,contact_state,6000,600,auroc,0.8878925925925926,0.8810641666666668,0.8947579716435184,0.5,0.6
D,2,dinov2_b,base,2,cls,real,base,ee_obj_dist,6000,600,r2,0.7971906715362953,0.7864689638446802,0.807445200829217,0.0,
D,2,dinov2_b,base,2,cls,real,base,friction_slide,6000,600,r2,-0.003075425352606187,-0.014950127913166345,0.004318607284140281,0.0,
D,2,dinov2_b,base,2,cls,real,base,log_mass,6000,600,r2,-0.007383172775648372,-0.020293047707578404,-0.00017974676095972717,0.0,
D,2,dinov2_b,base,2,cls,real,base,obj_pos_x,6000,600,r2,0.7717191894064986,0.7571015538613249,0.7852279024297163,0.0,
D,2,dinov2_b,base,2,cls,real,base,obj_pos_y,6000,600,r2,0.715043203027968,0.6935780948447274,0.7352376436522284,0.0,
D,2,dinov2_b,base,2,cls,real,base,obj_speed,6000,600,r2,0.15053880972053435,0.12824393605199427,0.17014149938855616,0.0,
D,2,dinov2_b,base,2,cls,real,base,support_state,6000,600,balanced_accuracy,0.7001903282000914,0.6826466819964451,0.7178188618349456,0.5,0.837
D,2,dinov2_b,base,2,cls,real,base,support_state,6000,600,auroc,0.8116076584093384,0.7945260613170062,0.8287106033487689,0.5,0.837
D,2,dinov2_b,base,2,mean,real,base,contact_state,6000,600,balanced_accuracy,0.8388888888888888,0.8308315972222222,0.8474305555555555,0.5,0.6
D,2,dinov2_b,base,2,mean,real,base,contact_state,6000,600,auroc,0.9211510416666666,0.9158768460648148,0.9263409143518518,0.5,0.6
D,2,dinov2_b,base,2,mean,real,base,ee_obj_dist,6000,600,r2,0.8920237777754523,0.8849963258232848,0.8989311101009436,0.0,
D,2,dinov2_b,base,2,mean,real,base,friction_slide,6000,600,r2,-0.004838381650576595,-0.017048541615194583,0.0031192504777317943,0.0,
D,2,dinov2_b,base,2,mean,real,base,log_mass,6000,600,r2,-0.007354770282528511,-0.022038332974634943,0.0014744467613535806,0.0,
D,2,dinov2_b,base,2,mean,real,base,obj_pos_x,6000,600,r2,0.8694036642001385,0.8580093017632268,0.8798682678687015,0.0,
D,2,dinov2_b,base,2,mean,real,base,obj_pos_y,6000,600,r2,0.8200472103909826,0.80475872059497,0.8344045369830497,0.0,
D,2,dinov2_b,base,2,mean,real,base,obj_speed,6000,600,r2,0.18717856650004294,0.16744629361792882,0.20433736069342215,0.0,
D,2,dinov2_b,base,2,mean,real,base,support_state,6000,600,balanced_accuracy,0.7183020476773363,0.7010074712445357,0.7355238594673553,0.5,0.837
D,2,dinov2_b,base,2,mean,real,base,support_state,6000,600,auroc,0.8352940314151476,0.818596945132409,0.8525865529056245,0.5,0.837
D,2,dinov2_b,base,5,cls,real,base,contact_state,6000,600,balanced_accuracy,0.8550694444444444,0.8468055555555556,0.8632638888888888,0.5,0.6
D,2,dinov2_b,base,5,cls,real,base,contact_state,6000,600,auroc,0.9387695601851852,0.9337362471064815,0.9438807060185185,0.5,0.6
D,2,dinov2_b,base,5,cls,real,base,ee_obj_dist,6000,600,r2,0.9052452577132579,0.8994229679371499,0.9111450905342782,0.0,
D,2,dinov2_b,base,5,cls,real,base,friction_slide,6000,600,r2,-0.006961563661157744,-0.018649222103326694,0.000537139811693737,0.0,
D,2,dinov2_b,base,5,cls,real,base,log_mass,6000,600,r2,-0.014691867394054148,-0.02950089308151161,-0.004938590745031796,0.0,
D,2,dinov2_b,base,5,cls,real,base,obj_pos_x,6000,600,r2,0.9031191312516254,0.894350649357578,0.9116638846827284,0.0,
D,2,dinov2_b,base,5,cls,real,base,obj_pos_y,6000,600,r2,0.8372135678923194,0.821836454254386,0.8508572144018522,0.0,
D,2,dinov2_b,base,5,cls,real,base,obj_speed,6000,600,r2,0.22945443138302235,0.20737460934367946,0.24842640602688848,0.0,
D,2,dinov2_b,base,5,cls,real,base,support_state,6000,600,balanced_accuracy,0.744017733017667,0.7267844575298094,0.7612633037869748,0.5,0.837
D,2,dinov2_b,base,5,cls,real,base,support_state,6000,600,auroc,0.8679210247915308,0.8529846524717047,0.881834070852697,0.5,0.837
D,2,dinov2_b,base,5,mean,real,base,contact_state,6000,600,balanced_accuracy,0.8616666666666667,0.8535416666666666,0.8695138888888889,0.5,0.6
D,2,dinov2_b,base,5,mean,real,base,contact_state,6000,600,auroc,0.9416278935185185,0.9370615306712963,0.9461482552083333,0.5,0.6
D,2,dinov2_b,base,5,mean,real,base,ee_obj_dist,6000,600,r2,0.9229188829798851,0.9173733932455875,0.9281814911750833,0.0,
D,2,dinov2_b,base,5,mean,real,base,friction_slide,6000,600,r2,-0.006831467689129234,-0.020732175509291417,0.003093207918505839,0.0,
D,2,dinov2_b,base,5,mean,real,base,log_mass,6000,600,r2,-0.010724896974481535,-0.027309156891865943,0.0010436258417427034,0.0,
D,2,dinov2_b,base,5,mean,real,base,obj_pos_x,6000,600,r2,0.9173316472066831,0.9082703210940586,0.9253402212675363,0.0,
D,2,dinov2_b,base,5,mean,real,base,obj_pos_y,6000,600,r2,0.8785189297002959,0.8654277791643414,0.8907641247915818,0.0,
D,2,dinov2_b,base,5,mean,real,base,obj_speed,6000,600,r2,0.2347162315020226,0.21373922250823438,0.2532125076182079,0.0,
D,2,dinov2_b,base,5,mean,real,base,support_state,6000,600,balanced_accuracy,0.7472843415352816,0.7295254845933903,0.763853224524235,0.5,0.837
D,2,dinov2_b,base,5,mean,real,base,support_state,6000,600,auroc,0.8687995722705576,0.8539014538445682,0.8820629367806435,0.5,0.837
D,2,dinov2_b,base,8,cls,real,base,contact_state,6000,600,balanced_accuracy,0.8924305555555556,0.8851354166666667,0.8995833333333334,0.5,0.6
D,2,dinov2_b,base,8,cls,real,base,contact_state,6000,600,auroc,0.9591155092592593,0.9549400607638889,0.9631609143518518,0.5,0.6
D,2,dinov2_b,base,8,cls,real,base,ee_obj_dist,6000,600,r2,0.9279599562280223,0.9228637216409591,0.9325645523888254,0.0,
D,2,dinov2_b,base,8,cls,real,base,friction_slide,6000,600,r2,0.00016069373076776916,-0.010833915622504648,0.007051536079757893,0.0,
D,2,dinov2_b,base,8,cls,real,base,log_mass,6000,600,r2,-0.010191595102081674,-0.025652524082677493,-0.0006999051147585075,0.0,
D,2,dinov2_b,base,8,cls,real,base,obj_pos_x,6000,600,r2,0.9236197158183708,0.9152102985900408,0.9313386628314705,0.0,
D,2,dinov2_b,base,8,cls,real,base,obj_pos_y,6000,600,r2,0.8813493069872458,0.8700079551939888,0.8911420140607184,0.0,
D,2,dinov2_b,base,8,cls,real,base,obj_speed,6000,600,r2,0.24952813324525458,0.22623785070241315,0.2688150466411559,0.0,
D,2,dinov2_b,base,8,cls,real,base,support_state,6000,600,balanced_accuracy,0.7621911442414113,0.7453917584506022,0.7777234675498533,0.5,0.837
D,2,dinov2_b,base,8,cls,real,base,support_state,6000,600,auroc,0.8862428626924965,0.8720820358972344,0.8988993009020046,0.5,0.837
D,2,dinov2_b,base,8,mean,real,base,contact_state,6000,600,balanced_accuracy,0.8769444444444444,0.8690972222222222,0.8849305555555556,0.5,0.6
D,2,dinov2_b,base,8,mean,real,base,contact_state,6000,600,auroc,0.9541770833333333,0.9496632031250001,0.9584137702546297,0.5,0.6
D,2,dinov2_b,base,8,mean,real,base,ee_obj_dist,6000,600,r2,0.9367332490484015,0.9321118017729433,0.940890734795924,0.0,
D,2,dinov2_b,base,8,mean,real,base,friction_slide,6000,600,r2,-0.002452924563137726,-0.01531459832144636,0.006557263191963521,0.0,
D,2,dinov2_b,base,8,mean,real,base,log_mass,6000,600,r2,-0.010669093112528838,-0.02690251589906701,-0.00015934785511588948,0.0,
D,2,dinov2_b,base,8,mean,real,base,obj_pos_x,6000,600,r2,0.9304633733214508,0.9236566771205037,0.936614961524043,0.0,
D,2,dinov2_b,base,8,mean,real,base,obj_pos_y,6000,600,r2,0.9031236913289806,0.8933048084781564,0.9122063487268061,0.0,
D,2,dinov2_b,base,8,mean,real,base,obj_speed,6000,600,r2,0.2509997010970907,0.22894107099041708,0.2686649057567012,0.0,
D,2,dinov2_b,base,8,mean,real,base,support_state,6000,600,balanced_accuracy,0.7623957653807907,0.7448796300823382,0.7790321704249117,0.5,0.837
D,2,dinov2_b,base,8,mean,real,base,support_state,6000,600,auroc,0.8891955151932723,0.8761712701358256,0.9015238369296419,0.5,0.837
D,2,random_b,base,11,cls,real,base,contact_state,6000,600,balanced_accuracy,0.7484722222222222,0.7386111111111111,0.7581249999999999,0.5,0.6
D,2,random_b,base,11,cls,real,base,contact_state,6000,600,auroc,0.8494490740740741,0.8423442824074074,0.8567593576388889,0.5,0.6
D,2,random_b,base,11,cls,real,base,ee_obj_dist,6000,600,r2,0.607628822459011,0.5926862014945438,0.6225038569979559,0.0,
D,2,random_b,base,11,cls,real,base,friction_slide,6000,600,r2,-0.0023880290636628665,-0.015142102178084066,0.005208285344655292,0.0,
D,2,random_b,base,11,cls,real,base,log_mass,6000,600,r2,-0.001331854832733681,-0.01548100340098848,0.00735660663327172,0.0,
D,2,random_b,base,11,cls,real,base,obj_pos_x,6000,600,r2,0.4861074831319012,0.46527049349371663,0.5053438162017697,0.0,
D,2,random_b,base,11,cls,real,base,obj_pos_y,6000,600,r2,0.4699131930057274,0.4439630532137453,0.49343748732789955,0.0,
D,2,random_b,base,11,cls,real,base,obj_speed,6000,600,r2,0.08828545430654444,0.07300667211119097,0.10116350137912321,0.0,
D,2,random_b,base,11,cls,real,base,support_state,6000,600,balanced_accuracy,0.598250519798775,0.5843148945988775,0.6132896254930391,0.5,0.837
D,2,random_b,base,11,cls,real,base,support_state,6000,600,auroc,0.7599152685240158,0.7414971274876225,0.7787013825403281,0.5,0.837
D,2,random_b,base,11,mean,real,base,contact_state,6000,600,balanced_accuracy,0.76375,0.7545815972222223,0.7731250000000001,0.5,0.6
D,2,random_b,base,11,mean,real,base,contact_state,6000,600,auroc,0.8547929398148149,0.8480333391203704,0.8617336053240741,0.5,0.6
D,2,random_b,base,11,mean,real,base,ee_obj_dist,6000,600,r2,0.6300104155646218,0.6163864094935071,0.6425527480145506,0.0,
D,2,random_b,base,11,mean,real,base,friction_slide,6000,600,r2,-0.0008941384454455026,-0.013044809416118524,0.007002780219889035,0.0,
D,2,random_b,base,11,mean,real,base,log_mass,6000,600,r2,-0.0007811917458822037,-0.014797003301628314,0.007632619578352661,0.0,
D,2,random_b,base,11,mean,real,base,obj_pos_x,6000,600,r2,0.48935406374015167,0.4641466140420708,0.5121810154528522,0.0,
D,2,random_b,base,11,mean,real,base,obj_pos_y,6000,600,r2,0.5027834294877858,0.4780589294304011,0.5266113308656591,0.0,
D,2,random_b,base,11,mean,real,base,obj_speed,6000,600,r2,0.09505002331351076,0.07809991518834981,0.11004608565444414,0.0,
D,2,random_b,base,11,mean,real,base,support_state,6000,600,balanced_accuracy,0.60730760115614,0.5923764186742387,0.6232552922052312,0.5,0.837
D,2,random_b,base,11,mean,real,base,support_state,6000,600,auroc,0.7578246716492423,0.7391467981538868,0.7759912810203442,0.5,0.837
D,2,random_b,base,2,cls,real,base,contact_state,6000,600,balanced_accuracy,0.7423611111111111,0.7325,0.7525034722222221,0.5,0.6
D,2,random_b,base,2,cls,real,base,contact_state,6000,600,auroc,0.8377780092592593,0.8306050925925926,0.8452277430555556,0.5,0.6
D,2,random_b,base,2,cls,real,base,ee_obj_dist,6000,600,r2,0.5997924783909201,0.5858755724478617,0.6136555196752549,0.0,
D,2,random_b,base,2,cls,real,base,friction_slide,6000,600,r2,-0.002639048540496347,-0.015082595527202968,0.00507585516942676,0.0,
D,2,random_b,base,2,cls,real,base,log_mass,6000,600,r2,-0.0024768545208790904,-0.016353571534177724,0.0057184625600387165,0.0,
D,2,random_b,base,2,cls,real,base,obj_pos_x,6000,600,r2,0.455727592065715,0.4278849591658274,0.48117755264206313,0.0,
D,2,random_b,base,2,cls,real,base,obj_pos_y,6000,600,r2,0.4318937994420169,0.40008559493374,0.4607350546872365,0.0,
D,2,random_b,base,2,cls,real,base,obj_speed,6000,600,r2,0.08323834978129319,0.06708044541308217,0.09679489993847037,0.0,
D,2,random_b,base,2,cls,real,base,support_state,6000,600,balanced_accuracy,0.5890749414233812,0.5757942960530666,0.6029274171260945,0.5,0.837
D,2,random_b,base,2,cls,real,base,support_state,6000,600,auroc,0.7555897201597226,0.7381743512478912,0.7729847266181091,0.5,0.837
D,2,random_b,base,2,mean,real,base,contact_state,6000,600,balanced_accuracy,0.7579861111111111,0.7479166666666667,0.7679166666666666,0.5,0.6
D,2,random_b,base,2,mean,real,base,contact_state,6000,600,auroc,0.8521611111111111,0.8452730787037037,0.8594762789351852,0.5,0.6
D,2,random_b,base,2,mean,real,base,ee_obj_dist,6000,600,r2,0.6250697895817103,0.6125521687206118,0.6373425093188129,0.0,
D,2,random_b,base,2,mean,real,base,friction_slide,6000,600,r2,-0.0016421307732386037,-0.013849061048453737,0.006146250772455765,0.0,
D,2,random_b,base,2,mean,real,base,log_mass,6000,600,r2,-0.0008039866191213996,-0.014843001739797112,0.007443602714484457,0.0,
D,2,random_b,base,2,mean,real,base,obj_pos_x,6000,600,r2,0.496559594922076,0.47556408516923365,0.5156640540811251,0.0,
D,2,random_b,base,2,mean,real,base,obj_pos_y,6000,600,r2,0.5042127296180084,0.48004243420027565,0.5269495876346312,0.0,
D,2,random_b,base,2,mean,real,base,obj_speed,6000,600,r2,0.09432038136435661,0.07843238312641809,0.10722487190361168,0.0,
D,2,random_b,base,2,mean,real,base,support_state,6000,600,balanced_accuracy,0.5993860144199876,0.584391706710601,0.6144699481061079,0.5,0.837
D,2,random_b,base,2,mean,real,base,support_state,6000,600,auroc,0.7582522382091395,0.7383835081626017,0.7772996376578097,0.5,0.837
D,2,random_b,base,5,cls,real,base,contact_state,6000,600,balanced_accuracy,0.7485416666666667,0.7388177083333334,0.7579184027777778,0.5,0.6
D,2,random_b,base,5,cls,real,base,contact_state,6000,600,auroc,0.8413019675925926,0.8338737268518519,0.8486201793981482,0.5,0.6
D,2,random_b,base,5,cls,real,base,ee_obj_dist,6000,600,r2,0.5949130814344104,0.5719363799361361,0.6139432626273738,0.0,
D,2,random_b,base,5,cls,real,base,friction_slide,6000,600,r2,-0.0029347734263729386,-0.01555069267280883,0.004688143103467294,0.0,
D,2,random_b,base,5,cls,real,base,log_mass,6000,600,r2,-0.0016899462881398986,-0.015906005664272093,0.006761735998093099,0.0,
D,2,random_b,base,5,cls,real,base,obj_pos_x,6000,600,r2,0.4710282756656712,0.44215954449210815,0.4965695226310846,0.0,
D,2,random_b,base,5,cls,real,base,obj_pos_y,6000,600,r2,0.4542583671444921,0.42541238553825145,0.480026056867611,0.0,
D,2,random_b,base,5,cls,real,base,obj_speed,6000,600,r2,0.0861352518395957,0.06834458275550186,0.10101198068464076,0.0,
D,2,random_b,base,5,cls,real,base,support_state,6000,600,balanced_accuracy,0.5919567400370883,0.5772670525516207,0.6065867213835284,0.5,0.837
D,2,random_b,base,5,cls,real,base,support_state,6000,600,auroc,0.7593704265648326,0.7400137376231981,0.7776420286337014,0.5,0.837
D,2,random_b,base,5,mean,real,base,contact_state,6000,600,balanced_accuracy,0.76,0.7499305555555555,0.7694461805555555,0.5,0.6
D,2,random_b,base,5,mean,real,base,contact_state,6000,600,auroc,0.8539017361111111,0.8467609230324074,0.8610637644675926,0.5,0.6
D,2,random_b,base,5,mean,real,base,ee_obj_dist,6000,600,r2,0.6218514888376827,0.6082351922001478,0.6354301656735485,0.0,
D,2,random_b,base,5,mean,real,base,friction_slide,6000,600,r2,-0.001081630052997662,-0.013250715994221368,0.006547004817697091,0.0,
D,2,random_b,base,5,mean,real,base,log_mass,6000,600,r2,-0.0011735433182789023,-0.015179666128935943,0.0070965990641424625,0.0,
D,2,random_b,base,5,mean,real,base,obj_pos_x,6000,600,r2,0.5012547094202074,0.47360457039636783,0.5249648722453198,0.0,
D,2,random_b,base,5,mean,real,base,obj_pos_y,6000,600,r2,0.5068738369409824,0.4843844765976583,0.5292067933617353,0.0,
D,2,random_b,base,5,mean,real,base,obj_speed,6000,600,r2,0.09494574297550817,0.07776414826973593,0.10889911875868126,0.0,
D,2,random_b,base,5,mean,real,base,support_state,6000,600,balanced_accuracy,0.6027387470589528,0.587666852580517,0.6179828506625065,0.5,0.837
D,2,random_b,base,5,mean,real,base,support_state,6000,600,auroc,0.7609387814271602,0.7395344134008683,0.7800860297953247,0.5,0.837
D,2,random_b,base,8,cls,real,base,contact_state,6000,600,balanced_accuracy,0.7570138888888889,0.7465954861111112,0.7672222222222222,0.5,0.6
D,2,random_b,base,8,cls,real,base,contact_state,6000,600,auroc,0.8482284722222222,0.8410798726851851,0.8555323466435185,0.5,0.6
D,2,random_b,base,8,cls,real,base,ee_obj_dist,6000,600,r2,0.6073402594105755,0.591433102072707,0.6220476891963789,0.0,
D,2,random_b,base,8,cls,real,base,friction_slide,6000,600,r2,-0.002942609390233164,-0.01581642299151595,0.00486552587586078,0.0,
D,2,random_b,base,8,cls,real,base,log_mass,6000,600,r2,-0.0015757619930918398,-0.015858642989318567,0.006995127370747109,0.0,
D,2,random_b,base,8,cls,real,base,obj_pos_x,6000,600,r2,0.47768466608131754,0.45419859430063253,0.4998444593636637,0.0,
D,2,random_b,base,8,cls,real,base,obj_pos_y,6000,600,r2,0.4746006541366047,0.4489645640040307,0.498671215692863,0.0,
D,2,random_b,base,8,cls,real,base,obj_speed,6000,600,r2,0.08761043935587298,0.07241272472863679,0.10055682222699777,0.0,
D,2,random_b,base,8,cls,real,base,support_state,6000,600,balanced_accuracy,0.6029244331078225,0.5879781430852677,0.6176235057137082,0.5,0.837
D,2,random_b,base,8,cls,real,base,support_state,6000,600,auroc,0.758381933398975,0.7403378802714163,0.7758899878247763,0.5,0.837
D,2,random_b,base,8,mean,real,base,contact_state,6000,600,balanced_accuracy,0.765,0.7548611111111112,0.7750052083333333,0.5,0.6
D,2,random_b,base,8,mean,real,base,contact_state,6000,600,auroc,0.8590168981481482,0.8522397193287037,0.8660496498842593,0.5,0.6
D,2,random_b,base,8,mean,real,base,ee_obj_dist,6000,600,r2,0.6277701132776088,0.6146911613712657,0.6402986156501468,0.0,
D,2,random_b,base,8,mean,real,base,friction_slide,6000,600,r2,-0.001287951154466782,-0.01338079736927481,0.006362697169698212,0.0,
D,2,random_b,base,8,mean,real,base,log_mass,6000,600,r2,-0.0007781045432009304,-0.014794054017220976,0.007654255454718198,0.0,
D,2,random_b,base,8,mean,real,base,obj_pos_x,6000,600,r2,0.5017794683800486,0.4790685578853758,0.5221426910773233,0.0,
D,2,random_b,base,8,mean,real,base,obj_pos_y,6000,600,r2,0.5020398289553372,0.4790430441031192,0.5255092490606227,0.0,
D,2,random_b,base,8,mean,real,base,obj_speed,6000,600,r2,0.09399532695792256,0.07774304006929089,0.10748685379049386,0.0,
D,2,random_b,base,8,mean,real,base,support_state,6000,600,balanced_accuracy,0.6147771889575439,0.5991080542820975,0.6306228661773283,0.5,0.837
D,2,random_b,base,8,mean,real,base,support_state,6000,600,auroc,0.7616359185229163,0.7430566322710123,0.7808481882805264,0.5,0.837
D,3,dinov2_b,base,11,cls,real,base,contact_state,6000,600,balanced_accuracy,0.89625,0.8890972222222222,0.903265625,0.5,0.6
D,3,dinov2_b,base,11,cls,real,base,contact_state,6000,600,auroc,0.9635898148148148,0.9596586689814814,0.9673255237268519,0.5,0.6
D,3,dinov2_b,base,11,cls,real,base,ee_obj_dist,6000,600,r2,0.9234581461780442,0.9182947808602083,0.9281401894233559,0.0,
D,3,dinov2_b,base,11,cls,real,base,friction_slide,6000,600,r2,-0.0004439830184024274,-0.012812875487592084,0.007229661865425156,0.0,
D,3,dinov2_b,base,11,cls,real,base,log_mass,6000,600,r2,-0.003577412811152314,-0.015349723963911798,0.0034716797930572692,0.0,
D,3,dinov2_b,base,11,cls,real,base,obj_pos_x,6000,600,r2,0.8993165045327307,0.8907801478107115,0.9072864245929538,0.0,
D,3,dinov2_b,base,11,cls,real,base,obj_pos_y,6000,600,r2,0.8694324993417157,0.8589893240423654,0.8786790532696603,0.0,
D,3,dinov2_b,base,11,cls,real,base,obj_speed,6000,600,r2,0.23046487587363518,0.2048056741027753,0.25399641430935704,0.0,
D,3,dinov2_b,base,11,cls,real,base,support_state,6000,600,balanced_accuracy,0.7428791509756933,0.7242855035449256,0.7604126281674151,0.5,0.8466666666666667
D,3,dinov2_b,base,11,cls,real,base,support_state,6000,600,auroc,0.8884222013009243,0.8755520994353871,0.9009095114691495,0.5,0.8466666666666667
D,3,dinov2_b,base,11,mean,real,base,contact_state,6000,600,balanced_accuracy,0.8923611111111112,0.8852083333333334,0.9000694444444444,0.5,0.6
D,3,dinov2_b,base,11,mean,real,base,contact_state,6000,600,auroc,0.9620535879629629,0.9582320052083333,0.9659265856481482,0.5,0.6
D,3,dinov2_b,base,11,mean,real,base,ee_obj_dist,6000,600,r2,0.9377319249978272,0.9334554819273552,0.9418738086207659,0.0,
D,3,dinov2_b,base,11,mean,real,base,friction_slide,6000,600,r2,-0.0033085562130512614,-0.02154849494320128,0.012070785594764473,0.0,
D,3,dinov2_b,base,11,mean,real,base,log_mass,6000,600,r2,-0.00526959629126722,-0.018091194428267298,0.0038376647050688394,0.0,
D,3,dinov2_b,base,11,mean,real,base,obj_pos_x,6000,600,r2,0.9238460107522043,0.9157223139388092,0.931217137480202,0.0,
D,3,dinov2_b,base,11,mean,real,base,obj_pos_y,6000,600,r2,0.8952681703489832,0.8820526668345849,0.9065804267579016,0.0,
D,3,dinov2_b,base,11,mean,real,base,obj_speed,6000,600,r2,0.23572837124020019,0.2092330826111576,0.2591802238549895,0.0,
D,3,dinov2_b,base,11,mean,real,base,support_state,6000,600,balanced_accuracy,0.7533507360492981,0.7342380933207128,0.7711582726841654,0.5,0.8466666666666667
D,3,dinov2_b,base,11,mean,real,base,support_state,6000,600,auroc,0.8933032351934269,0.8801116993181761,0.9057404193364629,0.5,0.8466666666666667
D,3,dinov2_b,base,2,cls,real,base,contact_state,6000,600,balanced_accuracy,0.7863194444444443,0.7765277777777777,0.7965277777777777,0.5,0.6
D,3,dinov2_b,base,2,cls,real,base,contact_state,6000,600,auroc,0.88528125,0.8787835619212963,0.8921321556712962,0.5,0.6
D,3,dinov2_b,base,2,cls,real,base,ee_obj_dist,6000,600,r2,0.7829228787093584,0.7717307706286449,0.7942590848162565,0.0,
D,3,dinov2_b,base,2,cls,real,base,friction_slide,6000,600,r2,-0.003954341446049892,-0.017387872836321143,0.004514493940319042,0.0,
D,3,dinov2_b,base,2,cls,real,base,log_mass,6000,600,r2,-0.0010081269213118027,-0.011099522369307706,0.004716871882296351,0.0,
D,3,dinov2_b,base,2,cls,real,base,obj_pos_x,6000,600,r2,0.7756579705232365,0.7629190822269755,0.7875806638339243,0.0,
D,3,dinov2_b,base,2,cls,real,base,obj_pos_y,6000,600,r2,0.7375201207674532,0.7175863500135746,0.7554361231152004,0.0,
D,3,dinov2_b,base,2,cls,real,base,obj_speed,6000,600,r2,0.12969090355077062,0.10577017886775211,0.1498253686638469,0.0,
D,3,dinov2_b,base,2,cls,real,base,support_state,6000,600,balanced_accuracy,0.6785347483738445,0.660231738248908,0.695891339566484,0.5,0.8466666666666667
D,3,dinov2_b,base,2,cls,real,base,support_state,6000,600,auroc,0.8093411930845601,0.7903182759799227,0.8275925722576767,0.5,0.8466666666666667
D,3,dinov2_b,base,2,mean,real,base,contact_state,6000,600,balanced_accuracy,0.8300694444444444,0.8206944444444444,0.8394444444444444,0.5,0.6
D,3,dinov2_b,base,2,mean,real,base,contact_state,6000,600,auroc,0.9172881944444444,0.9114021296296296,0.9232202546296295,0.5,0.6
D,3,dinov2_b,base,2,mean,real,base,ee_obj_dist,6000,600,r2,0.8866949998287036,0.8780400345490404,0.8948297087469882,0.0,
D,3,dinov2_b,base,2,mean,real,base,friction_slide,6000,600,r2,-0.006447848918537558,-0.020304255161893763,0.003507284337283434,0.0,
D,3,dinov2_b,base,2,mean,real,base,log_mass,6000,600,r2,0.0009313209711826476,-0.011530686106386967,0.009009592502902886,0.0,
D,3,dinov2_b,base,2,mean,real,base,obj_pos_x,6000,600,r2,0.8796609926499875,0.8695786822671051,0.8888410884167554,0.0,
D,3,dinov2_b,base,2,mean,real,base,obj_pos_y,6000,600,r2,0.8280001312422804,0.8108715109459698,0.8431928900045156,0.0,
D,3,dinov2_b,base,2,mean,real,base,obj_speed,6000,600,r2,0.17521710167232352,0.15310294651103823,0.19442067892441606,0.0,
D,3,dinov2_b,base,2,mean,real,base,support_state,6000,600,balanced_accuracy,0.7102105443341321,0.6914346197811325,0.7285778021779782,0.5,0.8466666666666667
D,3,dinov2_b,base,2,mean,real,base,support_state,6000,600,auroc,0.8428474837384458,0.8255595926661407,0.8599754305528703,0.5,0.8466666666666667
D,3,dinov2_b,base,5,cls,real,base,contact_state,6000,600,balanced_accuracy,0.865625,0.857361111111111,0.8745138888888888,0.5,0.6
D,3,dinov2_b,base,5,cls,real,base,contact_state,6000,600,auroc,0.9419594907407407,0.937055714699074,0.9472238715277778,0.5,0.6
D,3,dinov2_b,base,5,cls,real,base,ee_obj_dist,6000,600,r2,0.9042015996358066,0.8976888677869551,0.9105209644997614,0.0,
D,3,dinov2_b,base,5,cls,real,base,friction_slide,6000,600,r2,-0.0013692612740758836,-0.014315705187191424,0.006867266861818949,0.0,
D,3,dinov2_b,base,5,cls,real,base,log_mass,6000,600,r2,0.0003670885206505936,-0.011218147367217901,0.006652287559754893,0.0,
D,3,dinov2_b,base,5,cls,real,base,obj_pos_x,6000,600,r2,0.9094960638882841,0.9014904492959354,0.917115937646232,0.0,
D,3,dinov2_b,base,5,cls,real,base,obj_pos_y,6000,600,r2,0.8439042200502813,0.8307132792954727,0.8563893256725568,0.0,
D,3,dinov2_b,base,5,cls,real,base,obj_speed,6000,600,r2,0.20564493245748128,0.18060800242307262,0.229083256362595,0.0,
D,3,dinov2_b,base,5,cls,real,base,support_state,6000,600,balanced_accuracy,0.7311066415611092,0.7121501403885837,0.7490201517906828,0.5,0.8466666666666667
D,3,dinov2_b,base,5,cls,real,base,support_state,6000,600,auroc,0.866918649435125,0.8508268877119372,0.8823527179859976,0.5,0.8466666666666667
D,3,dinov2_b,base,5,mean,real,base,contact_state,6000,600,balanced_accuracy,0.8586805555555556,0.8497916666666667,0.868265625,0.5,0.6
D,3,dinov2_b,base,5,mean,real,base,contact_state,6000,600,auroc,0.9420508101851852,0.9373359866898149,0.9470749450231482,0.5,0.6
D,3,dinov2_b,base,5,mean,real,base,ee_obj_dist,6000,600,r2,0.9194224619011684,0.9130813090808422,0.9254746404241266,0.0,
D,3,dinov2_b,base,5,mean,real,base,friction_slide,6000,600,r2,-0.0022792140117267046,-0.017089983392998172,0.008737117785049322,0.0,
D,3,dinov2_b,base,5,mean,real,base,log_mass,6000,600,r2,-0.00019648890594248236,-0.013983446343747468,0.009935531821223208,0.0,
D,3,dinov2_b,base,5,mean,real,base,obj_pos_x,6000,600,r2,0.9225986517522675,0.9149359368852182,0.9295678695596996,0.0,
D,3,dinov2_b,base,5,mean,real,base,obj_pos_y,6000,600,r2,0.8835311706613347,0.8693690186353061,0.8965416619726452,0.0,
D,3,dinov2_b,base,5,mean,real,base,obj_speed,6000,600,r2,0.2270945961224018,0.20372472221410667,0.24767616370424322,0.0,
D,3,dinov2_b,base,5,mean,real,base,support_state,6000,600,balanced_accuracy,0.7495249914412871,0.7300929752934894,0.7677450406567369,0.5,0.8466666666666667
D,3,dinov2_b,base,5,mean,real,base,support_state,6000,600,auroc,0.8708481684354673,0.8558633747649803,0.886701629613656,0.5,0.8466666666666667
D,3,dinov2_b,base,8,cls,real,base,contact_state,6000,600,balanced_accuracy,0.8916666666666666,0.8840260416666667,0.899375,0.5,0.6
D,3,dinov2_b,base,8,cls,real,base,contact_state,6000,600,auroc,0.9608611111111112,0.9567772309027778,0.9650654195601852,0.5,0.6
D,3,dinov2_b,base,8,cls,real,base,ee_obj_dist,6000,600,r2,0.9296379327178175,0.9246104684363428,0.9345215631107862,0.0,
D,3,dinov2_b,base,8,cls,real,base,friction_slide,6000,600,r2,-0.0016254757407376808,-0.01812436597302424,0.011486618637821997,0.0,
D,3,dinov2_b,base,8,cls,real,base,log_mass,6000,600,r2,-0.0017879794212560807,-0.014301945688154728,0.006087727886879734,0.0,
D,3,dinov2_b,base,8,cls,real,base,obj_pos_x,6000,600,r2,0.9264977412458871,0.9196242176550388,0.9331178223427496,0.0,
D,3,dinov2_b,base,8,cls,real,base,obj_pos_y,6000,600,r2,0.8836706169518783,0.8723537920124865,0.893953056180163,0.0,
D,3,dinov2_b,base,8,cls,real,base,obj_speed,6000,600,r2,0.22648979964197258,0.19971622518469148,0.25031362802549284,0.0,
D,3,dinov2_b,base,8,cls,real,base,support_state,6000,600,balanced_accuracy,0.7560082163642589,0.7378972418308062,0.772891981110515,0.5,0.8466666666666667
D,3,dinov2_b,base,8,cls,real,base,support_state,6000,600,auroc,0.8841075402259501,0.8705686227228993,0.8973621887685341,0.5,0.8466666666666667
D,3,dinov2_b,base,8,mean,real,base,contact_state,6000,600,balanced_accuracy,0.880625,0.8731249999999999,0.8890277777777778,0.5,0.6
D,3,dinov2_b,base,8,mean,real,base,contact_state,6000,600,auroc,0.9526009259259259,0.9481138339120371,0.9574027604166666,0.5,0.6
D,3,dinov2_b,base,8,mean,real,base,ee_obj_dist,6000,600,r2,0.9359911236602364,0.9314140087421259,0.9406669161469805,0.0,
D,3,dinov2_b,base,8,mean,real,base,friction_slide,6000,600,r2,-0.003324566262459694,-0.018610261502276914,0.007750085099259557,0.0,
D,3,dinov2_b,base,8,mean,real,base,log_mass,6000,600,r2,0.0017806265242105157,-0.011433116083229656,0.010656320042125446,0.0,
D,3,dinov2_b,base,8,mean,real,base,obj_pos_x,6000,600,r2,0.9324727560921915,0.9256024900350716,0.9386418542205316,0.0,
D,3,dinov2_b,base,8,mean,real,base,obj_pos_y,6000,600,r2,0.9021937834449298,0.8918796179858397,0.9113904881339101,0.0,
D,3,dinov2_b,base,8,mean,real,base,obj_speed,6000,600,r2,0.23728259497227877,0.21158640010706195,0.25907265344729913,0.0,
D,3,dinov2_b,base,8,mean,real,base,support_state,6000,600,balanced_accuracy,0.7558627182471755,0.7370043743075894,0.7737326608732741,0.5,0.8466666666666667
D,3,dinov2_b,base,8,mean,real,base,support_state,6000,600,auroc,0.8883821893187265,0.875875842626793,0.9010446854060289,0.5,0.8466666666666667
D,3,random_b,base,11,cls,real,base,contact_state,6000,600,balanced_accuracy,0.7520138888888889,0.741873263888889,0.7617361111111112,0.5,0.6
D,3,random_b,base,11,cls,real,base,contact_state,6000,600,auroc,0.8447260416666666,0.8373106423611111,0.8522594733796297,0.5,0.6
D,3,random_b,base,11,cls,real,base,ee_obj_dist,6000,600,r2,0.5996981289661465,0.5845938348877469,0.6140950905531279,0.0,
D,3,random_b,base,11,cls,real,base,friction_slide,6000,600,r2,0.0010776761718179761,-0.011783514898711527,0.009098984837942043,0.0,
D,3,random_b,base,11,cls,real,base,log_mass,6000,600,r2,0.00034597233559452434,-0.012422039123459395,0.008455549291800932,0.0,
D,3,random_b,base,11,cls,real,base,obj_pos_x,6000,600,r2,0.4615902267874299,0.4378306493430753,0.48375669483692985,0.0,
D,3,random_b,base,11,cls,real,base,obj_pos_y,6000,600,r2,0.487316427275428,0.4646056180024192,0.5084438423203202,0.0,
D,3,random_b,base,11,cls,real,base,obj_speed,6000,600,r2,0.07576923333911512,0.05837035292324464,0.09161606659601328,0.0,
D,3,random_b,base,11,cls,real,base,support_state,6000,600,balanced_accuracy,0.5928491954809997,0.5768619226826862,0.6089215679764088,0.5,0.8466666666666667
D,3,random_b,base,11,cls,real,base,support_state,6000,600,auroc,0.7479608866826429,0.7266957566687167,0.7688672082930805,0.5,0.8466666666666667
D,3,random_b,base,11,mean,real,base,contact_state,6000,600,balanced_accuracy,0.7609722222222222,0.75125,0.7704166666666666,0.5,0.6
D,3,random_b,base,11,mean,real,base,contact_state,6000,600,auroc,0.8515984953703704,0.844521634837963,0.8590357465277778,0.5,0.6
D,3,random_b,base,11,mean,real,base,ee_obj_dist,6000,600,r2,0.6151292421218093,0.598761367045597,0.6300019120106363,0.0,
D,3,random_b,base,11,mean,real,base,friction_slide,6000,600,r2,0.0014882292002176278,-0.011442064731242601,0.010002961671973397,0.0,
D,3,random_b,base,11,mean,real,base,log_mass,6000,600,r2,0.00027971427245132574,-0.01245045263439672,0.00822168564971187,0.0,
D,3,random_b,base,11,mean,real,base,obj_pos_x,6000,600,r2,0.4852067144375717,0.4597960714164064,0.5074751765383134,0.0,
D,3,random_b,base,11,mean,real,base,obj_pos_y,6000,600,r2,0.5179544889978296,0.4951800683274423,0.5377294848931716,0.0,
D,3,random_b,base,11,mean,real,base,obj_speed,6000,600,r2,0.07954432454414895,0.06034893373684153,0.09594763100194727,0.0,
D,3,random_b,base,11,mean,real,base,support_state,6000,600,balanced_accuracy,0.6048057172201301,0.588604230611238,0.6208823374882729,0.5,0.8466666666666667
D,3,random_b,base,11,mean,real,base,support_state,6000,600,auroc,0.7669293478260869,0.7464452527308318,0.7872431018695565,0.5,0.8466666666666667
D,3,random_b,base,2,cls,real,base,contact_state,6000,600,balanced_accuracy,0.7470833333333333,0.7374965277777779,0.7564583333333333,0.5,0.6
D,3,random_b,base,2,cls,real,base,contact_state,6000,600,auroc,0.8447252314814815,0.8377277748842593,0.8516978153935185,0.5,0.6
D,3,random_b,base,2,cls,real,base,ee_obj_dist,6000,600,r2,0.5982074703303454,0.5827611648262337,0.6117842614154826,0.0,
D,3,random_b,base,2,cls,real,base,friction_slide,6000,600,r2,0.0018131979452712388,-0.010436266795090554,0.008725705298580279,0.0,
D,3,random_b,base,2,cls,real,base,log_mass,6000,600,r2,0.00040366259413771033,-0.011370799910091756,0.007267650926558793,0.0,
D,3,random_b,base,2,cls,real,base,obj_pos_x,6000,600,r2,0.4418879759080685,0.4067648767559304,0.47166845285031395,0.0,
D,3,random_b,base,2,cls,real,base,obj_pos_y,6000,600,r2,0.4715318557047644,0.4494612239857883,0.4921236728979109,0.0,
D,3,random_b,base,2,cls,real,base,obj_speed,6000,600,r2,0.07375226048634875,0.05581953130950844,0.09022260199241772,0.0,
D,3,random_b,base,2,cls,real,base,support_state,6000,600,balanced_accuracy,0.5850522081478945,0.5701587017322355,0.5999351727071377,0.5,0.8466666666666667
D,3,random_b,base,2,cls,real,base,support_state,6000,600,auroc,0.7461577798699076,0.7256139836704498,0.7661306040346955,0.5,0.8466666666666667
D,3,random_b,base,2,mean,real,base,contact_state,6000,600,balanced_accuracy,0.7495138888888888,0.7399305555555555,0.7589583333333334,0.5,0.6
D,3,random_b,base,2,mean,real,base,contact_state,6000,600,auroc,0.8455592592592592,0.8388226967592592,0.852523504050926,0.5,0.6
D,3,random_b,base,2,mean,real,base,ee_obj_dist,6000,600,r2,0.6131991462452904,0.6001815611756243,0.6258379595283707,0.0,
D,3,random_b,base,2,mean,real,base,friction_slide,6000,600,r2,0.001037655207023369,-0.011810409622878293,0.009421125782164037,0.0,
D,3,random_b,base,2,mean,real,base,log_mass,6000,600,r2,0.0001926442720360244,-0.01256272540660735,0.008017384435754102,0.0,
D,3,random_b,base,2,mean,real,base,obj_pos_x,6000,600,r2,0.49636566891707024,0.4740775793529197,0.5176532898740887,0.0,
D,3,random_b,base,2,mean,real,base,obj_pos_y,6000,600,r2,0.517071027596498,0.49568439600943925,0.5372057515027834,0.0,
D,3,random_b,base,2,mean,real,base,obj_speed,6000,600,r2,0.07664018418102236,0.05829382677551534,0.09241065104156741,0.0,
D,3,random_b,base,2,mean,real,base,support_state,6000,600,balanced_accuracy,0.5982454638822321,0.5830294954859591,0.6143916286301606,0.5,0.8466666666666667
D,3,random_b,base,2,mean,real,base,support_state,6000,600,auroc,0.7556262838069154,0.7362732720352867,0.774776099850206,0.5,0.8466666666666667
D,3,random_b,base,5,cls,real,base,contact_state,6000,600,balanced_accuracy,0.7543055555555556,0.7438836805555555,0.7638194444444444,0.5,0.6
D,3,random_b,base,5,cls,real,base,contact_state,6000,600,auroc,0.8468752314814815,0.839450324074074,0.8539447974537037,0.5,0.6
D,3,random_b,base,5,cls,real,base,ee_obj_dist,6000,600,r2,0.5957997607111838,0.5737792076486848,0.6148343486436039,0.0,
D,3,random_b,base,5,cls,real,base,friction_slide,6000,600,r2,0.001313627680559537,-0.011153493155124112,0.008869909344968417,0.0,
D,3,random_b,base,5,cls,real,base,log_mass,6000,600,r2,0.0010399019022773182,-0.01146321571748159,0.008555127649802926,0.0,
D,3,random_b,base,5,cls,real,base,obj_pos_x,6000,600,r2,0.44915349035188334,0.4196514084769482,0.4768951958930627,0.0,
D,3,random_b,base,5,cls,real,base,obj_pos_y,6000,600,r2,0.47618522706386046,0.4527094825672044,0.49696397095664696,0.0,
D,3,random_b,base,5,cls,real,base,obj_speed,6000,600,r2,0.07388202124216225,0.0546260926826192,0.09107494390719897,0.0,
D,3,random_b,base,5,cls,real,base,support_state,6000,600,balanced_accuracy,0.5871234166381376,0.5720233058686898,0.6024573073614307,0.5,0.8466666666666667
D,3,random_b,base,5,cls,real,base,support_state,6000,600,auroc,0.7544595172885998,0.7328879020887362,0.7740198819590105,0.5,0.8466666666666667
D,3,random_b,base,5,mean,real,base,contact_state,6000,600,balanced_accuracy,0.7580555555555555,0.7479861111111111,0.7678489583333333,0.5,0.6
D,3,random_b,base,5,mean,real,base,contact_state,6000,600,auroc,0.8487232638888889,0.8416821817129629,0.8562809114583333,0.5,0.6
D,3,random_b,base,5,mean,real,base,ee_obj_dist,6000,600,r2,0.613258320621211,0.5967188361385376,0.6285201255018417,0.0,
D,3,random_b,base,5,mean,real,base,friction_slide,6000,600,r2,0.001467814836416781,-0.011335502882938586,0.009949855493175787,0.0,
D,3,random_b,base,5,mean,real,base,log_mass,6000,600,r2,0.000331286822697785,-0.01238910091880338,0.0082208259634386,0.0,
D,3,random_b,base,5,mean,real,base,obj_pos_x,6000,600,r2,0.48405893809799583,0.45513945419310536,0.5092999978587999,0.0,
D,3,random_b,base,5,mean,real,base,obj_pos_y,6000,600,r2,0.5145762251536612,0.49347957559768507,0.5332550247256719,0.0,
D,3,random_b,base,5,mean,real,base,obj_speed,6000,600,r2,0.07726921744350301,0.059270785571492034,0.09347328755301278,0.0,
D,3,random_b,base,5,mean,real,base,support_state,6000,600,balanced_accuracy,0.5970985963711057,0.5808595193502673,0.6133103311414573,0.5,0.8466666666666667
D,3,random_b,base,5,mean,real,base,support_state,6000,600,auroc,0.7598891646696336,0.7389751760084725,0.7806723499251369,0.5,0.8466666666666667
D,3,random_b,base,8,cls,real,base,contact_state,6000,600,balanced_accuracy,0.7522916666666666,0.7420121527777778,0.7622916666666666,0.5,0.6
D,3,random_b,base,8,cls,real,base,contact_state,6000,600,auroc,0.8474140046296297,0.8397591493055556,0.8552224681712963,0.5,0.6
D,3,random_b,base,8,cls,real,base,ee_obj_dist,6000,600,r2,0.6039262022112736,0.5881234320852103,0.6188432126226031,0.0,
D,3,random_b,base,8,cls,real,base,friction_slide,6000,600,r2,0.0008436968964676828,-0.011784095658807132,0.008811859616765136,0.0,
D,3,random_b,base,8,cls,real,base,log_mass,6000,600,r2,0.0002511866375976002,-0.01243471495686556,0.008204524671546662,0.0,
D,3,random_b,base,8,cls,real,base,obj_pos_x,6000,600,r2,0.4582991675975534,0.4276105599164488,0.48647897852363453,0.0,
D,3,random_b,base,8,cls,real,base,obj_pos_y,6000,600,r2,0.49316248294954923,0.4698858152349478,0.5134392191894113,0.0,
D,3,random_b,base,8,cls,real,base,obj_speed,6000,600,r2,0.07329253885430176,0.056204879560222076,0.08939769032800546,0.0,
D,3,random_b,base,8,cls,real,base,support_state,6000,600,balanced_accuracy,0.5898921602191031,0.5745760042972385,0.6053832261650262,0.5,0.8466666666666667
D,3,random_b,base,8,cls,real,base,support_state,6000,600,auroc,0.7483342605272167,0.7274971209375161,0.7683310380849643,0.5,0.8466666666666667
D,3,random_b,base,8,mean,real,base,contact_state,6000,600,balanced_accuracy,0.7498611111111111,0.7402760416666667,0.7593749999999999,0.5,0.6
D,3,random_b,base,8,mean,real,base,contact_state,6000,600,auroc,0.851184837962963,0.8444608101851853,0.8582139178240741,0.5,0.6
D,3,random_b,base,8,mean,real,base,ee_obj_dist,6000,600,r2,0.6189209087408307,0.6007400259706548,0.6340961280170837,0.0,
D,3,random_b,base,8,mean,real,base,friction_slide,6000,600,r2,0.0010799876404630204,-0.011709011668574165,0.009463812822898907,0.0,
D,3,random_b,base,8,mean,real,base,log_mass,6000,600,r2,0.0002340270047052062,-0.012811783897983025,0.00843507756357826,0.0,
D,3,random_b,base,8,mean,real,base,obj_pos_x,6000,600,r2,0.489949692615669,0.46768633505791724,0.5105456339234331,0.0,
D,3,random_b,base,8,mean,real,base,obj_pos_y,6000,600,r2,0.5172873905129483,0.49550097302958995,0.5362691359254502,0.0,
D,3,random_b,base,8,mean,real,base,obj_speed,6000,600,r2,0.08032647962054373,0.06206417706036012,0.09628877341622974,0.0,
D,3,random_b,base,8,mean,real,base,support_state,6000,600,balanced_accuracy,0.6012923656282095,0.5854868084825656,0.6176906622167248,0.5,0.8466666666666667
D,3,random_b,base,8,mean,real,base,support_state,6000,600,auroc,0.7658729887024991,0.7444790317245158,0.7865941261372352,0.5,0.8466666666666667
D,4,dinov2_b,base,11,cls,real,base,contact_state,6000,600,balanced_accuracy,0.8861111111111111,0.878123263888889,0.8938194444444445,0.5,0.6
D,4,dinov2_b,base,11,cls,real,base,contact_state,6000,600,auroc,0.9620012731481481,0.9583203616898148,0.9657645052083333,0.5,0.6
D,4,dinov2_b,base,11,cls,real,base,ee_obj_dist,6000,600,r2,0.9174139667312021,0.9117939133556348,0.9226113322395133,0.0,
D,4,dinov2_b,base,11,cls,real,base,friction_slide,6000,600,r2,-0.006443881946567309,-0.018324166217512095,0.001663156956151356,0.0,
D,4,dinov2_b,base,11,cls,real,base,log_mass,6000,600,r2,-0.0067420786793632725,-0.02134546443031044,0.0021904894714489987,0.0,
D,4,dinov2_b,base,11,cls,real,base,obj_pos_x,6000,600,r2,0.8897759530164439,0.8790490087021281,0.8993882617440797,0.0,
D,4,dinov2_b,base,11,cls,real,base,obj_pos_y,6000,600,r2,0.8551503164727093,0.839685858690648,0.8684937559013005,0.0,
D,4,dinov2_b,base,11,cls,real,base,obj_speed,6000,600,r2,0.2590185811091491,0.2393144619521384,0.277485729100036,0.0,
D,4,dinov2_b,base,11,cls,real,base,support_state,6000,600,balanced_accuracy,0.7480412696767571,0.7300987709845371,0.7663633103591594,0.5,0.839
D,4,dinov2_b,base,11,cls,real,base,support_state,6000,600,auroc,0.9016215613743727,0.8891689230148848,0.9136028467159106,0.5,0.839
D,4,dinov2_b,base,11,mean,real,base,contact_state,6000,600,balanced_accuracy,0.8868055555555556,0.879234375,0.8944444444444444,0.5,0.6
D,4,dinov2_b,base,11,mean,real,base,contact_state,6000,600,auroc,0.961735300925926,0.9579958912037037,0.9656851099537037,0.5,0.6
D,4,dinov2_b,base,11,mean,real,base,ee_obj_dist,6000,600,r2,0.9343922243565803,0.9298059394645204,0.9385415107817348,0.0,
D,4,dinov2_b,base,11,mean,real,base,friction_slide,6000,600,r2,-0.0036472566487195657,-0.016385165263367335,0.004957337863048522,0.0,
D,4,dinov2_b,base,11,mean,real,base,log_mass,6000,600,r2,-0.006703663484315836,-0.020974054573897845,0.0032987642422928694,0.0,
D,4,dinov2_b,base,11,mean,real,base,obj_pos_x,6000,600,r2,0.9114501090792659,0.9012405959246031,0.9210332596312737,0.0,
D,4,dinov2_b,base,11,mean,real,base,obj_pos_y,6000,600,r2,0.8904487492318922,0.8757404750116158,0.9030449165557961,0.0,
D,4,dinov2_b,base,11,mean,real,base,obj_speed,6000,600,r2,0.2651227971680198,0.2446785440760293,0.28367733339962925,0.0,
D,4,dinov2_b,base,11,mean,real,base,support_state,6000,600,balanced_accuracy,0.7732832885447282,0.7552615779106976,0.7909311423549399,0.5,0.839
D,4,dinov2_b,base,11,mean,real,base,support_state,6000,600,auroc,0.9063208690223252,0.8936477431573664,0.917940656221553,0.5,0.839
D,4,dinov2_b,base,2,cls,real,base,contact_state,6000,600,balanced_accuracy,0.7916666666666666,0.7821493055555556,0.8008333333333333,0.5,0.6
D,4,dinov2_b,base,2,cls,real,base,contact_state,6000,600,auroc,0.8843673611111111,0.877728755787037,0.8907827141203704,0.5,0.6
D,4,dinov2_b,base,2,cls,real,base,ee_obj_dist,6000,600,r2,0.7772938069106591,0.7651394931437797,0.7884854184802877,0.0,
D,4,dinov2_b,base,2,cls,real,base,friction_slide,6000,600,r2,-0.010711470961896508,-0.0248812950254454,-0.001750339558014394,0.0,
D,4,dinov2_b,base,2,cls,real,base,log_mass,6000,600,r2,-0.011537608530178378,-0.024525871216482413,-0.0033115613636876184,0.0,
D,4,dinov2_b,base,2,cls,real,base,obj_pos_x,6000,600,r2,0.7540374148548544,0.7368820978272165,0.7697992836990951,0.0,
D,4,dinov2_b,base,2,cls,real,base,obj_pos_y,6000,600,r2,0.722632455140268,0.6993009759721707,0.743269161186106,0.0,
D,4,dinov2_b,base,2,cls,real,base,obj_speed,6000,600,r2,0.1673033892915281,0.14815329098781516,0.18483260168741839,0.0,
D,4,dinov2_b,base,2,cls,real,base,support_state,6000,600,balanced_accuracy,0.7002081497987598,0.681628819265245,0.7182697847375715,0.5,0.839
D,4,dinov2_b,base,2,cls,real,base,support_state,6000,600,auroc,0.8325878847851175,0.8141880744833654,0.849257521931592,0.5,0.839
D,4,dinov2_b,base,2,mean,real,base,contact_state,6000,600,balanced_accuracy,0.8295138888888889,0.8202725694444445,0.83875,0.5,0.6
D,4,dinov2_b,base,2,mean,real,base,contact_state,6000,600,auroc,0.9202726851851852,0.9147555815972223,0.9253869126157407,0.5,0.6
D,4,dinov2_b,base,2,mean,real,base,ee_obj_dist,6000,600,r2,0.8839451842695714,0.8752462490633071,0.8916446742537028,0.0,
D,4,dinov2_b,base,2,mean,real,base,friction_slide,6000,600,r2,-0.0131159643753056,-0.0275269500869041,-0.0030820592090044243,0.0,
D,4,dinov2_b,base,2,mean,real,base,log_mass,6000,600,r2,-0.010007596312291867,-0.02404152295035571,-0.00014326211285477938,0.0,
D,4,dinov2_b,base,2,mean,real,base,obj_pos_x,6000,600,r2,0.8628490813982608,0.8487067149670262,0.875794332636983,0.0,
D,4,dinov2_b,base,2,mean,real,base,obj_pos_y,6000,600,r2,0.807039250299017,0.788015050864556,0.8235149709837143,0.0,
D,4,dinov2_b,base,2,mean,real,base,obj_speed,6000,600,r2,0.20142083706491998,0.18254596136976964,0.2180476173171936,0.0,
D,4,dinov2_b,base,2,mean,real,base,support_state,6000,600,balanced_accuracy,0.7230663784402708,0.7056176105639406,0.7412934322438878,0.5,0.839
D,4,dinov2_b,base,2,mean,real,base,support_state,6000,600,auroc,0.8525615874167463,0.8361177906394445,0.8685681800645196,0.5,0.839
D,4,dinov2_b,base,5,cls,real,base,contact_state,6000,600,balanced_accuracy,0.8570833333333334,0.84909375,0.8651388888888889,0.5,0.6
D,4,dinov2_b,base,5,cls,real,base,contact_state,6000,600,auroc,0.940603125,0.9358760966435186,0.9452695486111111,0.5,0.6
D,4,dinov2_b,base,5,cls,real,base,ee_obj_dist,6000,600,r2,0.8982352719666773,0.8912671624954902,0.9045751176331217,0.0,
D,4,dinov2_b,base,5,cls,real,base,friction_slide,6000,600,r2,-0.00978785963338713,-0.02258461745848444,-0.0017036583693325496,0.0,
D,4,dinov2_b,base,5,cls,real,base,log_mass,6000,600,r2,-0.014590387679032757,-0.02915323616425044,-0.004423317010201613,0.0,
D,4,dinov2_b,base,5,cls,real,base,obj_pos_x,6000,600,r2,0.8952136952815553,0.8822638680674418,0.90623082658639,0.0,
D,4,dinov2_b,base,5,cls,real,base,obj_pos_y,6000,600,r2,0.8314818517977139,0.8146093279109448,0.8462928469445054,0.0,
D,4,dinov2_b,base,5,cls,real,base,obj_speed,6000,600,r2,0.23730971272166224,0.21786741998740433,0.25531760888699034,0.0,
D,4,dinov2_b,base,5,cls,real,base,support_state,6000,600,balanced_accuracy,0.7522659579455973,0.7352468170862543,0.7692300703611308,0.5,0.839
D,4,dinov2_b,base,5,cls,real,base,support_state,6000,600,auroc,0.8882997274845749,0.8741081582776096,0.9020151609076099,0.5,0.839
D,4,dinov2_b,base,5,mean,real,base,contact_state,6000,600,balanced_accuracy,0.8599305555555555,0.8515260416666667,0.8688229166666666,0.5,0.6
D,4,dinov2_b,base,5,mean,real,base,contact_state,6000,600,auroc,0.9439731481481481,0.9395881047453704,0.9485637239583333,0.5,0.6
D,4,dinov2_b,base,5,mean,real,base,ee_obj_dist,6000,600,r2,0.9213075927428609,0.9155266805567173,0.9265593145923086,0.0,
D,4,dinov2_b,base,5,mean,real,base,friction_slide,6000,600,r2,-0.013281828276021646,-0.02918067604482022,-0.0019534600477022377,0.0,
D,4,dinov2_b,base,5,mean,real,base,log_mass,6000,600,r2,-0.014115646684293326,-0.029924677244350086,-0.0018871157346725214,0.0,
D,4,dinov2_b,base,5,mean,real,base,obj_pos_x,6000,600,r2,0.9080538337729122,0.8967613259282289,0.9183126479496039,0.0,
D,4,dinov2_b,base,5,mean,real,base,obj_pos_y,6000,600,r2,0.8657964926931032,0.8471228803277433,0.8816274036062902,0.0,
D,4,dinov2_b,base,5,mean,real,base,obj_speed,6000,600,r2,0.24995590264799217,0.2318495751042544,0.2668151875020448,0.0,
D,4,dinov2_b,base,5,mean,real,base,support_state,6000,600,balanced_accuracy,0.7691061033419949,0.7523118824994374,0.7862368287458261,0.5,0.839
D,4,dinov2_b,base,5,mean,real,base,support_state,6000,600,auroc,0.886842966790627,0.8730051429173608,0.9002555841936553,0.5,0.839
D,4,dinov2_b,base,8,cls,real,base,contact_state,6000,600,balanced_accuracy,0.888125,0.8802083333333333,0.8957638888888888,0.5,0.6
D,4,dinov2_b,base,8,cls,real,base,contact_state,6000,600,auroc,0.9615868055555555,0.9576655555555555,0.9652203616898148,0.5,0.6
D,4,dinov2_b,base,8,cls,real,base,ee_obj_dist,6000,600,r2,0.9239895838698443,0.9184620832470645,0.9289197641800097,0.0,
D,4,dinov2_b,base,8,cls,real,base,friction_slide,6000,600,r2,-0.013631290146310038,-0.03001913486397209,-0.0008758435708824862,0.0,
D,4,dinov2_b,base,8,cls,real,base,log_mass,6000,600,r2,-0.008605138054265549,-0.023955858088612177,0.0017537125578469721,0.0,
D,4,dinov2_b,base,8,cls,real,base,obj_pos_x,6000,600,r2,0.9124375896780034,0.9012981043218483,0.9226708176482867,0.0,
D,4,dinov2_b,base,8,cls,real,base,obj_pos_y,6000,600,r2,0.8733239615244974,0.8590553055482283,0.8857908877442968,0.0,
D,4,dinov2_b,base,8,cls,real,base,obj_speed,6000,600,r2,0.26570789561252683,0.24599804724960792,0.28451056762239235,0.0,
D,4,dinov2_b,base,8,cls,real,base,support_state,6000,600,balanced_accuracy,0.7658283917806123,0.7474343732923271,0.7831288247276892,0.5,0.839
D,4,dinov2_b,base,8,cls,real,base,support_state,6000,600,auroc,0.9040674551764358,0.8914758375653574,0.915805738114363,0.5,0.839
D,4,dinov2_b,base,8,mean,real,base,contact_state,6000,600,balanced_accuracy,0.8751388888888889,0.8676354166666667,0.8831944444444444,0.5,0.6
D,4,dinov2_b,base,8,mean,real,base,contact_state,6000,600,auroc,0.9550693287037038,0.9510388686342592,0.9591989583333334,0.5,0.6
D,4,dinov2_b,base,8,mean,real,base,ee_obj_dist,6000,600,r2,0.934956281639872,0.9304222301019062,0.9391969415654589,0.0,
D,4,dinov2_b,base,8,mean,real,base,friction_slide,6000,600,r2,-0.010261505169518736,-0.024565381113495356,-0.0003493934715319628,0.0,
D,4,dinov2_b,base,8,mean,real,base,log_mass,6000,600,r2,-0.008858478827686866,-0.024243068098662824,0.0026703503272743896,0.0,
D,4,dinov2_b,base,8,mean,real,base,obj_pos_x,6000,600,r2,0.9219878964773283,0.9120870657238561,0.9310426190268299,0.0,
D,4,dinov2_b,base,8,mean,real,base,obj_pos_y,6000,600,r2,0.8936235585240093,0.8799638293194489,0.905425313430254,0.0,
D,4,dinov2_b,base,8,mean,real,base,obj_speed,6000,600,r2,0.27117848248092136,0.2526698860077166,0.288913257148175,0.0,
D,4,dinov2_b,base,8,mean,real,base,support_state,6000,600,balanced_accuracy,0.7782606227960428,0.7606561084571836,0.7948854612078659,0.5,0.839
D,4,dinov2_b,base,8,mean,real,base,support_state,6000,600,auroc,0.9034764430033124,0.8912374443320074,0.9150818933458115,0.5,0.839
D,4,random_b,base,11,cls,real,base,contact_state,6000,600,balanced_accuracy,0.7468055555555555,0.7367343749999999,0.7565312499999999,0.5,0.6
D,4,random_b,base,11,cls,real,base,contact_state,6000,600,auroc,0.8418461805555556,0.8348040711805556,0.8488445833333333,0.5,0.6
D,4,random_b,base,11,cls,real,base,ee_obj_dist,6000,600,r2,0.6004812473379548,0.5801418471054984,0.617713624109542,0.0,
D,4,random_b,base,11,cls,real,base,friction_slide,6000,600,r2,-0.009207425513089396,-0.023977556702692283,0.00030809750373878757,0.0,
D,4,random_b,base,11,cls,real,base,log_mass,6000,600,r2,-0.001349213123745363,-0.014606843046110629,0.0067053025604108625,0.0,
D,4,random_b,base,11,cls,real,base,obj_pos_x,6000,600,r2,0.44276767461141253,0.40154233648325605,0.4724490595524739,0.0,
D,4,random_b,base,11,cls,real,base,obj_pos_y,6000,600,r2,0.46181312255739926,0.4320917098086867,0.4870583358046662,0.0,
D,4,random_b,base,11,cls,real,base,obj_speed,6000,600,r2,0.08550509088252178,0.07191238752308307,0.09859162509222426,0.0,
D,4,random_b,base,11,cls,real,base,support_state,6000,600,balanced_accuracy,0.5951147106508043,0.5800409643040134,0.6101479779382802,0.5,0.839
D,4,random_b,base,11,cls,real,base,support_state,6000,600,auroc,0.7652371739665101,0.7460985121091245,0.7835649310583243,0.5,0.839
D,4,random_b,base,11,mean,real,base,contact_state,6000,600,balanced_accuracy,0.7497916666666666,0.7390954861111111,0.7598628472222222,0.5,0.6
D,4,random_b,base,11,mean,real,base,contact_state,6000,600,auroc,0.848991087962963,0.8418488049768519,0.8557597135416667,0.5,0.6
D,4,random_b,base,11,mean,real,base,ee_obj_dist,6000,600,r2,0.6294709180917263,0.6151734902105273,0.6429789628454953,0.0,
D,4,random_b,base,11,mean,real,base,friction_slide,6000,600,r2,-0.00600523507288897,-0.0206508692651535,0.0036341675131927914,0.0,
D,4,random_b,base,11,mean,real,base,log_mass,6000,600,r2,-0.0010134991447179331,-0.014308478833704192,0.0069736807892444895,0.0,
D,4,random_b,base,11,mean,real,base,obj_pos_x,6000,600,r2,0.4741402211965745,0.45052005155940517,0.4963077854596531,0.0,
D,4,random_b,base,11,mean,real,base,obj_pos_y,6000,600,r2,0.4853985084480995,0.4550857517200243,0.5128457512197725,0.0,
D,4,random_b,base,11,mean,real,base,obj_speed,6000,600,r2,0.09562447669612306,0.08096429549722818,0.10948283061011903,0.0,
D,4,random_b,base,11,mean,real,base,support_state,6000,600,balanced_accuracy,0.5962282565511047,0.5807204471075755,0.610806094461148,0.5,0.839
D,4,random_b,base,11,mean,real,base,support_state,6000,600,auroc,0.7669156156356239,0.7485111602034636,0.7851685026719035,0.5,0.839
D,4,random_b,base,2,cls,real,base,contact_state,6000,600,balanced_accuracy,0.7422916666666667,0.7322222222222222,0.7518072916666667,0.5,0.6
D,4,random_b,base,2,cls,real,base,contact_state,6000,600,auroc,0.8343454861111111,0.8271306481481482,0.8416268547453704,0.5,0.6
D,4,random_b,base,2,cls,real,base,ee_obj_dist,6000,600,r2,0.6016234828549452,0.5862056839869377,0.6169849726664218,0.0,
D,4,random_b,base,2,cls,real,base,friction_slide,6000,600,r2,-0.009430356501843207,-0.023879341017665378,-0.0004341198558287046,0.0,
D,4,random_b,base,2,cls,real,base,log_mass,6000,600,r2,-0.002647606687457893,-0.015246775086776587,0.004498048191331292,0.0,
D,4,random_b,base,2,cls,real,base,obj_pos_x,6000,600,r2,0.45355702682054977,0.42870993505501404,0.47620814803256906,0.0,
D,4,random_b,base,2,cls,real,base,obj_pos_y,6000,600,r2,0.437123267157272,0.40707278978975064,0.4642280386187298,0.0,
D,4,random_b,base,2,cls,real,base,obj_speed,6000,600,r2,0.0851662396387668,0.0719651624247858,0.09767331349815016,0.0,
D,4,random_b,base,2,cls,real,base,support_state,6000,600,balanced_accuracy,0.5887622551741326,0.5755045325375558,0.6030969160222277,0.5,0.839
D,4,random_b,base,2,cls,real,base,support_state,6000,600,auroc,0.7641472767787739,0.7465501160852307,0.7824001871979162,0.5,0.839
D,4,random_b,base,2,mean,real,base,contact_state,6000,600,balanced_accuracy,0.7538194444444444,0.7438888888888888,0.7636128472222221,0.5,0.6
D,4,random_b,base,2,mean,real,base,contact_state,6000,600,auroc,0.8461569444444444,0.8386599652777779,0.8538383854166667,0.5,0.6
D,4,random_b,base,2,mean,real,base,ee_obj_dist,6000,600,r2,0.6196042978839746,0.6063105859040587,0.6322969683330424,0.0,
D,4,random_b,base,2,mean,real,base,friction_slide,6000,600,r2,-0.005050530448041268,-0.019470712655909782,0.004149854457795334,0.0,
D,4,random_b,base,2,mean,real,base,log_mass,6000,600,r2,-0.00042609069910226616,-0.013268290953595163,0.007336954566753533,0.0,
D,4,random_b,base,2,mean,real,base,obj_pos_x,6000,600,r2,0.49358582969872355,0.47087465801362516,0.5154355785023468,0.0,
D,4,random_b,base,2,mean,real,base,obj_pos_y,6000,600,r2,0.4869179232441001,0.4617016153654284,0.5098318580522713,0.0,
D,4,random_b,base,2,mean,real,base,obj_speed,6000,600,r2,0.09382633086615833,0.0799766691491146,0.10713937422154174,0.0,
D,4,random_b,base,2,mean,real,base,support_state,6000,600,balanced_accuracy,0.6011691923491685,0.5863396306920119,0.6163393716898017,0.5,0.839
D,4,random_b,base,2,mean,real,base,support_state,6000,600,auroc,0.7671364740468746,0.7487861998229329,0.785050640666693,0.5,0.839
D,4,random_b,base,5,cls,real,base,contact_state,6000,600,balanced_accuracy,0.7540277777777777,0.7440260416666666,0.7636840277777777,0.5,0.6
D,4,random_b,base,5,cls,real,base,contact_state,6000,600,auroc,0.8410616898148148,0.8339576620370371,0.8487688020833333,0.5,0.6
D,4,random_b,base,5,cls,real,base,ee_obj_dist,6000,600,r2,0.6029479577829719,0.5874356864954775,0.6179831889369867,0.0,
D,4,random_b,base,5,cls,real,base,friction_slide,6000,600,r2,-0.009051907665569514,-0.02340710105323652,-4.5941040566249056e-05,0.0,
D,4,random_b,base,5,cls,real,base,log_mass,6000,600,r2,-0.0017465388411412874,-0.014677885969399378,0.00621405137685071,0.0,
D,4,random_b,base,5,cls,real,base,obj_pos_x,6000,600,r2,0.4569172129118324,0.4322230485170091,0.4786293643091808,0.0,
D,4,random_b,base,5,cls,real,base,obj_pos_y,6000,600,r2,0.4481884910877154,0.41920950438121096,0.4739416046084536,0.0,
D,4,random_b,base,5,cls,real,base,obj_speed,6000,600,r2,0.0906200940165065,0.07755041890328987,0.10307157105307906,0.0,
D,4,random_b,base,5,cls,real,base,support_state,6000,600,balanced_accuracy,0.5935773386931598,0.580198367682677,0.6071780535349673,0.5,0.839
D,4,random_b,base,5,cls,real,base,support_state,6000,600,auroc,0.7711861618427406,0.7532342007565176,0.7892554131175565,0.5,0.839
D,4,random_b,base,5,mean,real,base,contact_state,6000,600,balanced_accuracy,0.7540277777777777,0.7436111111111111,0.7636822916666667,0.5,0.6
D,4,random_b,base,5,mean,real,base,contact_state,6000,600,auroc,0.8472035879629629,0.8398258420138889,0.8542714988425926,0.5,0.6
D,4,random_b,base,5,mean,real,base,ee_obj_dist,6000,600,r2,0.6252016767777591,0.6123295216849625,0.6384772384708318,0.0,
D,4,random_b,base,5,mean,real,base,friction_slide,6000,600,r2,-0.005327351072547781,-0.019867183988064613,0.003846744237367185,0.0,
D,4,random_b,base,5,mean,real,base,log_mass,6000,600,r2,-0.0007375696111973085,-0.013683615429679413,0.00726403540034825,0.0,
D,4,random_b,base,5,mean,real,base,obj_pos_x,6000,600,r2,0.48634324750387625,0.4641600285241999,0.5064860227306837,0.0,
D,4,random_b,base,5,mean,real,base,obj_pos_y,6000,600,r2,0.4904573448895979,0.4642674636003519,0.5141155477614537,0.0,
D,4,random_b,base,5,mean,real,base,obj_speed,6000,600,r2,0.09437244469661632,0.08099350769463011,0.10713208093087057,0.0,
D,4,random_b,base,5,mean,real,base,support_state,6000,600,balanced_accuracy,0.6071397725281749,0.591104833812071,0.6228250712653806,0.5,0.839
D,4,random_b,base,5,mean,real,base,support_state,6000,600,auroc,0.7714691238295943,0.7534679834926692,0.7893347842572007,0.5,0.839
D,4,random_b,base,8,cls,real,base,contact_state,6000,600,balanced_accuracy,0.7515277777777778,0.7411788194444444,0.7614600694444444,0.5,0.6
D,4,random_b,base,8,cls,real,base,contact_state,6000,600,auroc,0.84189375,0.834334704861111,0.8492592013888889,0.5,0.6
D,4,random_b,base,8,cls,real,base,ee_obj_dist,6000,600,r2,0.6102620441396456,0.5964998561516324,0.6244707243135819,0.0,
D,4,random_b,base,8,cls,real,base,friction_slide,6000,600,r2,-0.009279046770936272,-0.02399616765147669,0.00025510514690887736,0.0,
D,4,random_b,base,8,cls,real,base,log_mass,6000,600,r2,-0.0016292823081596186,-0.014730981900991896,0.006484561001589332,0.0,
D,4,random_b,base,8,cls,real,base,obj_pos_x,6000,600,r2,0.4521122491111682,0.4256195171787934,0.476342616798158,0.0,
D,4,random_b,base,8,cls,real,base,obj_pos_y,6000,600,r2,0.46332903711464635,0.4345499548207854,0.4903241492345792,0.0,
D,4,random_b,base,8,cls,real,base,obj_speed,6000,600,r2,0.08711057819948109,0.0739098026269884,0.10001672860332078,0.0,
D,4,random_b,base,8,cls,real,base,support_state,6000,600,balanced_accuracy,0.584422819239112,0.5705757924333471,0.5981690771403609,0.5,0.839
D,4,random_b,base,8,cls,real,base,support_state,6000,600,auroc,0.7728938045308466,0.7554014433477823,0.7911207949017063,0.5,0.839
D,4,random_b,base,8,mean,real,base,contact_state,6000,600,balanced_accuracy,0.7570138888888889,0.7471527777777778,0.7670850694444444,0.5,0.6
D,4,random_b,base,8,mean,real,base,contact_state,6000,600,auroc,0.8534379629629629,0.8459974884259259,0.860589548611111,0.5,0.6
D,4,random_b,base,8,mean,real,base,ee_obj_dist,6000,600,r2,0.6264367051622278,0.6128927684557854,0.6403048306770333,0.0,
D,4,random_b,base,8,mean,real,base,friction_slide,6000,600,r2,-0.005751656536491012,-0.020257256230828725,0.0037686015482086407,0.0,
D,4,random_b,base,8,mean,real,base,log_mass,6000,600,r2,-0.0009123291714099313,-0.01408762923656336,0.0073621978118163,0.0,
D,4,random_b,base,8,mean,real,base,obj_pos_x,6000,600,r2,0.4753436504080807,0.45091438626322505,0.49761190191239785,0.0,
D,4,random_b,base,8,mean,real,base,obj_pos_y,6000,600,r2,0.4779805376876146,0.44678669737848714,0.5055384864725028,0.0,
D,4,random_b,base,8,mean,real,base,obj_speed,6000,600,r2,0.09205069411458866,0.07810522978029269,0.10498472272019262,0.0,
D,4,random_b,base,8,mean,real,base,support_state,6000,600,balanced_accuracy,0.6033543333900903,0.5873612462622487,0.6187814915724212,0.5,0.839
D,4,random_b,base,8,mean,real,base,support_state,6000,600,auroc,0.772865014793812,0.7546604017215499,0.7902651584295588,0.5,0.839